"RegionName","City","State","Metro","CountyName","SizeRank","2010-10","2010-11","2010-12","2011-01","2011-02","2011-03","2011-04","2011-05","2011-06","2011-07","2011-08","2011-09","2011-10","2011-11","2011-12","2012-01","2012-02","2012-03","2012-04","2012-05","2012-06","2012-07","2012-08","2012-09","2012-10","2012-11","2012-12","2013-01","2013-02","2013-03","2013-04","2013-05","2013-06","2013-07","2013-08","2013-09","2013-10","2013-11","2013-12","2014-01","2014-02","2014-03","2014-04","2014-05","2014-06","2014-07","2014-08","2014-09","2014-10","2014-11","2014-12","2015-01","2015-02","2015-03","2015-04","2015-05","2015-06","2015-07","2015-08","2015-09","2015-10","2015-11","2015-12","2016-01","2016-02","2016-03","2016-04","2016-05","2016-06","2016-07","2016-08","2016-09","2016-10","2016-11","2016-12","2017-01","2017-02","2017-03"
"Upper West Side","New York","NY","New York","New York",1,,,,1997.5,2000,1995,1900,1962.5,1995,2000,2035,2150,2100,2095,2049,2025,2095,2057.5,2100,2100,2075,2100,2195,2200,2229,2200,2199,2195,2175,2195,2156,2185,2200,2150,2190,2230,2250,2250,2275,2250,2249,2249,2250,2215,2200,2302.5,2255,2300,2299,2350,2322.5,2300,2279,2300,2352.5,2310,2305,2329,2350,2350,2350,2315,2320,2300,2385,2300,2335,2300,2350,2275,2300,2307.5,2320,2302.5,2300,2296.5,2300,2300
"Upper East Side","New York","NY","New York","New York",2,1775,1850,1825,1850,1695,1750,1750,1750,1800,1800,1800,1825,1850,1875,1850,1850,1850,1850,1850,1850,1875,1850,1850,1850,1875,1850,1875,1850,1850,1875,1875,1850,1895,1850,1895,1899,1900,1900,1900,1895,1900,1900,1900,1907,1900,1949,1950,1927,1950,1950,1950,1950,1950,1950,1995,1950,1953,1950,1995,1995,1995,1995,1985,1985,1995,1999,1995,1995,1975,1975,1970,1955,1995,1950,1945,1950,1950,1995
"Washington Heights","New York","NY","New York","New York",3,,,,,,,1185,1140,1150,1175,1125,1125,1175,1150,1150,1150,1195,1195,1200,1200,1285,1250,1250,1250,1250,1250,1200,1225,1250,1295,1295,1295,1262.5,1295,1300,1350,1395,1350,1350,1350,1350,1375,1375,1395,1395,1341.5,1362.5,1350,1350,1349,1350,1397,1400,1450,1400,1400,1449.5,1424.5,1395,1397,1372.5,1350,1372.5,1400,1400,1399,1399,1372.5,1399,1424.5,1399.5,1412.5,1350,1424.5,1385,1449.5,1495,1495
"Astoria","New York","NY","New York","Queens",4,,,,,,,,,,,,,,,1350,1550,1600,1425,1400,1412.5,1497.5,1450,1500,1700,1750,1800,1737.5,1700,1750,1600,1650,1750,1700,1700,1700,1850,1900,1795,1760,1790,1800,1795,1810,2000,2000,1975,2000,1987.5,1950,1900,1800,1800,1850,1860,1900,1900,2000,2000,2050,2000,2000,2050,2000,1950,1885,1850,1800,1977.5,1925,1920,1795,1775,1850,1925,1712.5,1750,1850,1857
"Williamsburg","New York","NY","New York","Kings",5,,,,,,,,,,,,,,,,2200,1975,2200,2395,2397,2200,2272.5,2400,2320,2350,2349,2200,2250,2400,2300,2500,2538,2590,2550,2549,2549,2550,2600,2575,2600,2595,2575,2538,2550,2538.5,2515,2600,2599,2559,2550,2590,2550,2595,2620,2675,2795,2795,2770,2800,2777.5,2797.5,2850,2795,2761.5,2700,2600,2700,2600,2627,2715,2600,2600,2748,2600,2600,2850,2600,2575
"Bedford Stuyvesant","New York","NY","New York","Kings",6,,,,,,,,,,,,,,,,,,,,,,,,,,,,,,,,,,,1500,1550,1500,1500,1400,1350,1350,1320,1350,1450,1450,1500,1500,1550,1595,1550,1500,1500,1500,1649,1600,1595,1750,1695,1675,1696,1650,1600,1589,1600,1650,1700,1630,1700,1750,1800,1750,1800,1899.5,1895,1662.5,1750,1760,1750
"Flatbush","New York","NY","New York","Kings",7,,,,,,,,,,,,,,,,,,,,,,1100,1100,1100,1100,1100,1112.5,1150,1175,1200,1200,1199,1175,1200,1250,1299,1250,1200,1225,1250,1225,1247.5,1263,1300,1263,1300,1300,1399,1400,1375,1300,1350,1400,1375,1400,1400,1400,1400,1450,1525,1500,1500,1400,1400,1400,1550,1595,1595,1500,1585,1550,1550,1525,1655.5,1525,1500,1450,1467.5
"Crown Heights","New York","NY","New York","Kings",8,,,,,,,,,,,,,,,,,,,,,,,,,,,,,,,,,,,,,,,,,,,,,,,,,,,,,,,,,1900,1699,1800,1775,1997,1850,1750,1700,1600,1600,1600,1797,1724.5,1700,1697,1650,1700,1707,1650,1700,1675,1637.5
"Jamaica","New York","NY","New York","Queens",9,,,,,,,,,,,,,,,,,,,,,,1062.5,1050,1196,1196,1152.5,1207,1202,1185.5,1185.5,1176,1250,1295,1279.5,1259,1312.5,1325,1300,1254.5,1224,1248,1249,1254.5,1350,1361,1389.5,1384,1433.5,1433.5,1425,1397.5,1400,1400,1412.5,1400,1453.5,1450,1466,1475,1363,1350,1376.5,1375,1400,1422.5,1457,1399,1375,1399.5,1398.5,1389,1478,1375,1555,1400,1400,1457,1473
"Harlem","New York","NY","New York","New York",10,,,,,,1180,1180,1200,1375,1295,1275,1350,1295,1275,1250,1250,1250,1250,1250,1295,1385,1395,1400,1400,1275,1300,1275,1275,1299,1300,1300,1300,1395,1400,1400,1500,1475,1450,1450,1450,1450,1432.5,1400,1495,1450,1400,1400,1450,1497.5,1500,1500,1500,1500,1530,1550,1530,1550,1600,1650,1600,1597.5,1600,1595,1600,1600,1550,1550,1595,1599.5,1600,1550,1575,1597.5,1595,1550,1632.5,1600,1600
"East Harlem","New York","NY","New York","New York",11,,,,,,,,,,,,,,,,,,,,,,,,,,,,,,,,,,,,2450,2450,2300,2350,2300,2300,2300,2290,2450,2450,2650,2650,2695,2650,2650,2400,2650,2700,2650,2650,2650,2650,2650,2650,2650,2650,2650,2650,2575,2600,2650,2650,2695,2650,2650,2695,2650,2700,2700,2650,2697.5,2650,2650
"Elmhurst","New York","NY","New York","Queens",12,,,,,,,,,,1150,1150,1175,1175,1180,1177.5,1200,1195,1195,1200,1200,1225,1247.5,1250,1300,1275,1275,1275,1250,1250,1250,1275,1300,1300,1350,1350,1350,1325,1325,1345,1350,1350,1371,1385,1400,1400,1449,1450,1450,1450,1450,1450,1450,1450,1450,1450,1450,1450,1455,1500,1500,1500,1500,1525,1550,1550,1495,1520,1550,1520,1500,1500,1550,1475,1600,1575,1575,1497.5,1450
"Koreatown","Los Angeles","CA","Los Angeles-Long Beach-Anaheim","Los Angeles",13,,,,,,,,,,,,,,750,750,775,795,790,825,825,825,825,825,850,850,825,825,850,850,850,850,875,875,899,895,878,850,875,875,875,875,875,895,925,899,899,950,962.5,950,975,950,975,1025,1025,1025,995,995,1050,1100,1100,1150,1100,1100,1125,1195,1197.5,1195,1175,1197,1195,1200,1200,1200,1325,1285,1250,1325,1397.5
"Lower East Side","New York","NY","New York","New York",14,,,,,,,,,,,,,,,,1950,2025,1995,1900,1995,1950,1900,1950,1950,2012.5,2000,2000,1997,1995,1995,1950,2000,2000,2000,2000,2025,1992.5,2000,2025,2025,2025,2025,2100,2100,2095,2200,2295,2400,2495,2725,2700,2625,2500,2472.5,2350,2387.5,2447.5,2300,2400,2495,2400,2397.5,2225,2400,2500,2400,2250,2265,2272.5,2195,2100,2325,2295,2200,2100,2175,2225,2297.5
"Logan Square","Chicago","IL","Chicago","Cook",15,,,,,,,,,,,,,,,,,,,,,,,,,,,,,,850,895,895,850,850,825,825,850,850,850,875,875,875,875,865,875,895,872.5,875,875,875,875,875,895,875,925,950,925,950,995,950,895,895,895,900,960,995,995,1025,995,985,975,895,895,850,895,995,1000,995
"Flushing","New York","NY","New York","Queens",16,,,,,,,,,,,,,,1195,1150,1237.5,1199,1195,1195,1150,1150,1150,1200,1225,1200,1212.5,1262.5,1250,1250,1250,1250,1300,1300,1373,1350,1295,1275,1295,1275,1300,1300,1275,1225,1350,1350,1395,1362.5,1400,1385,1350,1375,1400,1400,1425,1395,1375,1345,1400,1425,1400,1400,1337.5,1375,1400,1390,1375,1450,1472.5,1475,1475,1375,1387.5,1507.5,1515,1500,1480,1445,1400
"Forest Hills","New York","NY","New York","Queens",17,,,,,,,,,,,,,1159,1200,1220,1250,1250,1290,1275,1275,1295,1275,1350,1350,1350,1350,1300,1300,1350,1350,1375,1375,1400,1400,1400,1450,1450,1450,1475,1375,1350,1350,1400,1500,1450,1485,1500,1495,1475,1450,1450,1450,1462.5,1450,1450,1475,1500,1500,1550,1535,1549,1537,1550,1525,1525,1537,1525,1504,1550,1650,1575,1600,1550,1550,1525,1550,1550,1525
"East Village","New York","NY","New York","New York",18,,,,,,,1800,1875,1900,1925,1925,1912.5,1925,1925,1925,1950,1985,2000,2000,2000,2000,1995,1995,2000,2075,2000,2000,2000,2050,2000,1995,1995,2000,2000,2047,2100,2100,2099.5,2100,2150,2145,2150,2125,2145,2125,2150,2100,2199,2150,2185,2150,2197,2195,2155,2175,2100,2100,2100,2150,2100,2095,2100,2100,2100,2150,2150,2150,2189.5,2100,2150,2195,2100,2175,2150,2145,2195,2165,2195
"Gramercy","New York","NY","New York","New York",19,,,,,2522.5,2349,2362.5,2300,2450,2450,2400,2444.5,2395,2322,2300,2300,2400,2320.5,2343,2395,2400,2395,2300,2300,2300,2300,2300,2345,2325,2350,2350,2333.5,2300,2300,2325,2350,2325,2300,2350,2300,2350,2395,2395,2400,2400,2475,2400,2400,2400,2400,2395,2425,2425,2412.5,2450,2400,2395,2403,2400,2450,2400,2400,2390,2390,2395,2385,2350,2399,2400,2482.5,2400,2400,2400,2400,2300,2385,2395,2395
"Rogers Park","Chicago","IL","Chicago","Cook",20,,,,,,600,610,625,610,610,615,615,625,630,635,625,625,635,625,625,635,650,650,650,650,650,650,650,650,650,650,675,675,675,675,674,673,660,662.5,650,675,675,682.5,675,675,688,700,700,695,695,698,700,725,685,700,700,725,725,725,750,750,725,725,750,750,750,750,750,775,750,775,775,745,750,725,755,795,800
"Chelsea","New York","NY","New York","New York",21,,,,,,2025,2050,2075,2100,2150,2150,2200,2300,2350,2300,2300,2350,2300,2400,2492.5,2450,2500,2500,2500,2400,2400,2400,2395,2399,2400,2400,2395,2400,2400,2400,2400,2450,2400,2400,2400,2425,2481.5,2495,2495,2500,2920,2600,2782.5,2600,2580,2600,2646.5,2600,2650,2695,2650,2650,2700,2695,2672.5,2700,2600,2600,2600,2500,2550,2550,2495,2650,2757.5,2650,2550,2567,2500,2500.5,2600,2650,2650
"Lake View","Chicago","IL","Chicago","Cook",22,,,,,,,,755,775,762.5,750,770,750,770,775,800,785,795,800,825,825,825,845,827.5,825,897.5,895,905,920,895,902.5,895,895,905,895,895,895,895,897.5,895,925,930,945,935,925,950,930,905,880,895,925,900,925,950,950,975,975,980,980,980,955,955,975,985,995,1020,1050,1050,1050,1050,1025,995,995,1025,1050,1025,1050,1095
"Greenwich Village","New York","NY","New York","New York",23,,,,,2500,2295,2300,2300,2325,2400,2350,2450,2495,2400,2350,2350,2495,2450,2450,2495,2495,2495,2495,2500,2500,2500,2580,2549.5,2550,2597.5,2595,2580,2500,2517.5,2600,2600,2650,2600,2595,2595,2595,2595,2600,2600,2597,2550,2595,2600,2600,2600,2600,2600,2595,2550,2600,2645,2650,2672.5,2700,2700,2685,2620,2695,2600,2650,2650,2695,2650,2600,2695,2695,2695,2600,2650,2600,2600,2600,2600
"Brighton","Boston","MA","Boston","Suffolk",24,,,,,,,,,,,,,,1195,1200,1175,1150,1195,1200,1195,1200,1200,1200,1197.5,1250,1300,1275,1275,1295,1295,1295,1300,1295,1300,1300,1350,1300,1300,1337.5,1350,1350,1350,1350,1375,1375,1375,1395,1399,1395,1395,1385,1375,1395,1395,1395,1400,1395,1450,1430,1425,1400,1395,1400,1412.5,1450,1450,1450,1450,1455,1450,1450,1475,1425,1400,1425,1450,1495,1500
"Lake View East","Chicago","IL","Chicago","Cook",25,,,,,825,795,825,825,825,825,825,830,825,825,827,825,825,810,840,865,875,875,850,850,885,900,875,890,905,900,905,900,925,925,935,930,930,895,925,912.5,925,915,925,935,930,930,920,900,915,925,940,950,970,950,960,970,975,970,950,970,970,982.5,975,995,1005,1035,1020,1015,1025,1000,1005,1000,980,980,985,1020,1025,1050
"South Loop","Chicago","IL","Chicago","Cook",26,,,,,,,1308,1296,1330,1359,1367,1400,1385,1357,1350,1349.5,1359,1373,1318,1399,1420,1449.5,1462,1507,1450,1420,1420,1425,1432,1443,1452,1476.5,1492,1498,1492,1417,1399,1411,1445.5,1450,1429,1427,1463,1501,1508,1521.5,1521,1509,1483.5,1450,1463.5,1464,1464,1412,1398.5,1409.5,1434,1484,1503,1595,1581,1490,1477,1471.5,1471.5,1491,1482,1474,1474,1475,1491,1473,1464,1475,1467.5,1478.5,1484,1500
"Fort Greene","New York","NY","New York","Kings",27,,,,,,,,,,,2170.5,2158,1950,1903,1888,2096,1997.5,1972,1920,2056.5,2050,2050,2012,2085,2154.5,2104,2102,2140,2095,1964,1945,2150,2195,2195,2197.5,2250,2250,2238,2250,2200,2297.5,2345,2301,2317,2350,2250,2286,2300,2325,2350,2350,2320,2484,2475,2391,2391,2391,2350,2450,2495,2495,2495,2473,2450,2450,2450,2450,2435,2400,2440,2500,2500,2500,2489,2400,2335,2400,2493.5
"Downtown","Los Angeles","CA","Los Angeles-Long Beach-Anaheim","Los Angeles",28,,,,,,,,,,,,,,,,,,,,,,,,,1740,1675,1717.5,1750,1725,1887.5,1800,1712,1695,1679.5,1705,1650,1686.5,1671.5,1675,1719,1684,1684,1687.5,1705,1774,1915,1833,1813.5,1846,1888,1910,1979,1927.5,1955,1982.5,1998.5,1993.5,2000,2010,2035,2049,2074,2079,2133.5,2122,2099,2084,2010,2020,1955,2048,2088.5,2070,1985,2055,2083,2099,2099
"Capitol Hill","Seattle","WA","Seattle","King",29,,,,,,,,,,,,,,,,,,,,,,,,,,,,,,,,,,,,,,,,,,,,,,,,1407,1295,1224.5,1302,1407,1450,1375,1435,1395.5,1467,1550,1464,1492,1438.5,1482,1491,1491,1450,1500,1372.5,1450,1247.5,1450,1372.5,1425,1400,1437.5,1295,1380,1449,1495
"Fort Hamilton","New York","NY","New York","Kings",30,,,,,,,,,,,,,,,,1050,1100,1100,1100,1150,1200,1150,1200,1150,1175,1199,1199,1212.5,1200,1300,1350,1250,1212.5,1200,1250,1250,1200,1150,1150,1150,1190,1182.5,1190,1200,1212.5,1250,1295,1300,1295,1297,1295,1300,1325,1325,1350,1380,1375,1350,1400,1400,1300,1300,1350,1350,1400,1350,1375,1425,1412.5,1350,1375,1400,1525,1462.5,1325,1412.5,1500,1500
"South End","Boston","MA","Boston","Suffolk",31,,,,,,,,,,,,,,,,,,,,,,,,,1925,2155,2152.5,1850,1800,1550,1550,1700,1795,1650,1700,1800,1700,1675,1650,1650,1550,1550,1550,1637.5,1750,1950,1950,1950,1950,1875,1850,1850,1950,1750,1750,1750,1675,1750,1800,1925,2000,2000,1995,1950,1895,1800,1750,1795,1800,1895,1837.5,2025,1875,2000,1900,1875,1800,1795
"Downtown","Jersey City","NJ","New York","Hudson",32,,,,,,,,,,,,,,,,,,,,,,,,1570,1580,1580,1580,1580,1580,1580,1580,1580,1580,1580,1580,1580,1580,1600,1580,1580,1580,1580,1580,1600,1600,1595,1600,1600,1600,1580,1580,1640,1600,1600,1650,1650,1630,1650,1600,1595,1600,1700,1700,1700,1892,1900,1800,1725,1650,1600,1747.5,1700,1600,1650,1600,1721,1700,1700
"Clinton","New York","NY","New York","New York",33,,,,,,,,,,,,,,,,,,2367.5,2468.5,2490,2425,2400,2500,2500,2590,2555,2480,2487.5,2480,2400,2450,2490,2492.5,2450,2400,2435,2450,2444,2400,2399,2400,2400,2400,2445,2500.5,2595,2605,2590,2600,2707.5,2730,2697.5,2650,2650,2695,2650,2700,2740,2750,2650,2692.5,2620,2500,2510,2520,2550,2525,2650,2585,2497.5,2650,2690,2600,2650,2755,2690,2600,2585
"Financial District","New York","NY","New York","New York",34,,,,,,2487,2470,2495,2500,2499.5,2500,2550,2550,2550,2500,2501,2525,2525,2539,2550,2595,2600,2650,2650,2650,2650,2625,2600,2595,2600,2595,2600,2601,2600,2600,2600,2601,2680,2690,2650,2645,2645,2595,2600.5,2600,2839,2809.5,2845,2800,2850,2845,2895,2892,2896,2924,2906,2892,2875,2895,2890,2875,2850,2871,2864.5,2855,2921,2925,2895,2924,2845,2850,2830,2850,2795,2795,2768,2875,2885
"Flatiron District","New York","NY","New York","New York",35,,,,,,,,2425,2400,2400,2495,2500,2595,2477.5,2400,2485,2495,2495,2500,2590,2585,2625,2625,2650,2631,2625,2625,2600,2500,2600,2600,2600,2600,2550,2595,2595,2600,2695,2695,2700,2700,2700,2700,2750,2795,2995,2935,2995,2995,3028.5,3070,3100,3175,3164.5,3150,3095,3095,3071,3032,3000,2980,2914.5,2960,2977.5,2955,2900,2900,2900,2900,2942.5,2930,2800,2839.5,2900,2800,2897.5,2895,2950
"Ravenswood","Chicago","IL","Chicago","Cook",36,,,,,,,,,,,725,725,725,725,725,725,725,750,775,775,775,795,795,805,797.5,800,825,850,825,795,850,860,860,860,850,830,815,835,850,860,860,875,875,875,850,875,895,900,880,850,850,855,850,860,925,945,930,930,925,910,900,935,950,950,950,950,995,950,957.5,975,950,925,935,895,950,975,975,995
"Allston","Boston","MA","Boston","Suffolk",37,,,,,,,,,,,,,1175,1175,1200,1200,1200,1225,1225,1200,1200,1225,1300,1212.5,1225,1225,1250,1275,1275,1275,1275,1295,1340,1350,1300,1300,1295,1299,1300,1375,1350,1350,1350,1350,1350,1350,1350,1350,1350,1375,1375,1395,1400,1399,1395,1400,1400,1400,1400,1395,1395,1395,1400,1400,1445,1450,1450,1450,1450,1475,1450,1450,1450,1425,1460,1450,1450,1487.5
"Clinton Hill","New York","NY","New York","Kings",38,,,,,,,,,,,,,,,,,,1600,1650,1700,1650,1650,1589,1650,1650,1650,1592.5,1500,1699,1700,1700,1750,1750,1750,1750,1750,1795,1800,1772.5,1800,1795,1800,1800,1850,1912.5,1895,1850,1895,1850,1825,1825,1825,1924.5,1899,1899,2000,1999,1997,1900,1950,1950,2050,2100,2100,2050,2000,1995,1995,1997.5,1995,1997.5,1975,2095,2000,2000,2000,1999,2000
"Flamingo Lummus","Miami Beach","FL","Miami-Fort Lauderdale","Miami-Dade",39,,,,,,,,,1250,1287.5,1287.5,1100,1025,1100,1200,1100,1100,1177,1250,1250,1300,1250,1200,1200,1200,1225,1300,1300,1300,1322,1312.5,1377,1350,1400,1350,1350,1350,1300,1350,1395,1300,1300,1300,1400,1385,1385,1350,1350,1325,1355,1390,1350,1400,1400,1453,1450,1400,1400,1350,1400,1450,1400,1400,1450,1425,1500,1500,1450,1397.5,1350,1324.5,1300,1350,1350,1200,1300,1300,1300
"Edgewater Beach","Chicago","IL","Chicago","Cook",40,,,,,,635,665,662.5,670,667.5,650,645,653.5,652,650,650,650,660,680,695,680,685,735,725,725,750,745,720,722.5,725,727.5,750,775,775,765,762.5,750,750,750,750,750,762.5,775,785.5,775,785,795,795,795,785.5,795,795,795,795,795,797.5,800,825,835,835,825,825,795,795,795,825,795,840,835,800,850,850,800,800,797.5,850,875,880
"Fenway","Boston","MA","Boston","Suffolk",41,,,,,,,,,,,,,,1350,1300,1375,1400,1375,1445,1445,1445,1435,1450,1445,1450,1445,1450,1500,1500,1550,1575,1595,1595,1597.5,1595,1595,1475,1595,1550,1600,1600,1600,1600,1625,1625,1610,1620,1625,1600,1650,1650,1650,1625,1650,1650,1650,1650,1675,1675,1650,1630,1645,1635,1650,1685,1695,1687.5,1695,1695,1685,1672.5,1655,1670.5,1650,1695,1750,1750,1750
"West Village","New York","NY","New York","New York",42,,,,,,2597.5,2450,2595,2550,2550,2475,2450,2450,2500,2595,2600,2600,2595,2650,2700,2575,2595,2557.5,2597.5,2595,2595,2639.5,2600,2597.5,2700,2700,2650,2650,2650,2650,2650,2695,2800,2895,2800,2800,2795,2700,2700,2725,2900,2900,2992.5,2922.5,2900,2995,2925,2955,3095,3072.5,2962.5,2912.5,2972.5,2900,2912.5,2955,2900,2900,2900,2895,2925,2895,2897.5,2950,2897.5,2895,2857.5,2925,2925,2840,2937.5,2882.5,2900
"Brickell","Miami","FL","Miami-Fort Lauderdale","Miami-Dade",43,,,,,,,,,,,,,,,,,,,,,,,,,,,1687.5,1750,1650,1725,1650,1650,1700,1800,1800,1800,1687.5,1700,1700,1700,1687.5,1650,1600,1650,1675,1700,1650,1700,1700,1700,1700,1700,1700,1712.5,1800,1800,1800,1800,1800,1800,1797.5,1800,1825,1855,1850,1850,1884.5,1810,1800,1749,1737.5,1800,1725,1850,1787.5,1800,1750,1750
"Brooklyn Heights","New York","NY","New York","New York",44,,,,,,,,,,,1775,2000,1850,1891.5,1895,1980,2195,2150,2060,1950,1925,1900,1950,2000,2050,2017,2050,2072,2150,2100,2025,2000,2000,2000,2000,2025,2195,2175,2100,2100,2075,2100,2100,2095,2050,2175,2200,2200,2300,2300,2200,2150,2150,2199,2175,2125,2250,2199,2300,2375,2400,2400,2350,2412.5,2375,2300,2300,2300,2250,2300,2272.5,2500,2400,2314,2152.5,2200,2137.5,2000
"Back Bay","Boston","MA","Boston","Suffolk",45,,,,,,1325,1300,1345,1395,1395,1575,1725,1600,1475,1525,1550,1495,1475,1450,1500,1600,1650,1700,1975,2000,1950,1975,1800,1747.5,1550,1550,1600,1700,1727.5,1750,1750,1720,1900,1850,1725,1730,1695,1700,1700,1700,1750,1760,1800,1797.5,1850,1785,1850,1850,1745,1750,1725,1750,1775,1800,1800,1800,1802.5,1790,1800,1795,1775,1750,1760,1795,1795,1850,1850,1875,1975,1900,1850,1850,1800
"Near North","Chicago","IL","Chicago","Cook",46,,,,,1250,1250,1265.5,1261.5,1263,1285,1329,1330,1345,1330,1340,1312,1317,1329,1441,1470,1449.5,1511,1575,1555,1516,1475,1453,1455,1527,1550,1529,1564,1525,1527,1550,1560,1561,1525,1517,1517,1545,1562,1600,1633,1655,1695,1654,1655.5,1635,1606,1579.5,1601,1701,1665,1527,1525.5,1568,1546.5,1563,1584.5,1609,1650,1545,1517,1568,1509,1481,1495,1527,1545,1545,1534,1562,1527,1527,1504.5,1562,1566.5
"Columbus Circle","New York","NY","New York","New York",47,,,,,,,,,,,,,,,2292,2300,2275,2450,2500,2595,2497,2500,2640,2600,2650,2673,2665.5,2595,2579,2500,2505,2500,2495,2492.5,2532.5,2508,2500,2500,2500,2500,2509,2550,2522.5,2500,2566.5,2700,2658,2732,2669,2671.5,2669,2698.5,2700,2690,2669,2660,2682.5,2651,2651,2697,2669,2656.5,2664.5,2651.5,2690,2697,2700,2692.5,2697,2698.5,2669,2698.5,2658,2669,2669,2674,2693.5,2700
"Sutton Place","New York","NY","New York","New York",48,,,,,,1875,1895,1900,1895,1895,1901.5,2100,2100,2100,2000,2000,2000,2000,2000,2100,2200,2100,2150,2150,2100,2100,2113,2150,2100,2100,2211,2250,2100,2200,2220,2300,2250,2300,2350,2300,2297,2300,2300,2350,2350,2300,2350,2325,2300,2325.5,2350,2350,2400,2400,2425,2400,2400,2350,2400,2397.5,2397.5,2300,2269,2300,2350,2412.5,2450,2400,2300,2300,2295,2400,2400,2400,2297.5,2332.5,2304,2300
"Downtown","San Francisco","CA","San Francisco","San Francisco",49,,,,,,,,,,,,,,,,,,,,,,,,,,,,,,,,,,,,,,,,,,,,,,,,,,1995,2112.5,2200,2102.5,2020,2095,2185,2185,2200,2362.5,2272.5,2195,2225,2120,2295,2150,1950,2195,2172.5,2200,2375,2250,1995,2195,2145,2045,2262.5,2195,2095
"Streeterville","Chicago","IL","Chicago","Cook",50,,,,,1310,1297.5,1338,1350,1345,1371.5,1395,1407.5,1410.5,1405,1402.5,1406,1418,1424.5,1460,1497,1485,1497,1500,1500,1492,1500,1490,1500,1510,1501,1536.5,1595,1633.5,1613,1575,1542,1525,1500,1510,1550,1566,1575,1610,1675,1689,1742,1696,1725,1696,1649,1664,1675,1831.5,1791,1688,1700,1688,1675,1638,1633.5,1621,1605.5,1637,1646.5,1725,1670,1675,1662,1734,1688,1720,1662,1645.5,1635,1609,1610.5,1655,1662
"Turtle Bay","New York","NY","New York","New York",51,,,,,,,,,,,,,,,2100,2100,2150,2150,2150,2250,2200,2200,2200,2200,2200,2200,2200,2200,2200,2200,2250,2250,2300,2300,2300,2300,2300,2262.5,2295,2300,2300,2350,2350,2400,2400,2400,2400,2350,2350,2400,2497.5,2400,2442.5,2400,2487.5,2400,2400,2395,2400,2400,2350,2300,2344,2338,2350,2354,2350,2300,2250,2287.5,2350,2300,2300,2200,2200,2250,2250,2300
"Midtown","New York","NY","New York","New York",52,,,,,,,,,,,2250,2295,2400,2400,2400,2460,2497.5,2445,2400,2400,2400,2350,2435,2300,2495,2500,2500,2500,2450,2400,2400,2400,2499,2495,2400,2400,2400,2400,2450,2450,2450,2400,2400,2470,2500,2750,2797.5,2850,2795,2695,2675,2682.5,2750,2750,2850,2800,2750,2750,2750,2800,2750,2695,2695,2725,2725,2695,2700,2675,2625,2675,2769,2675,2675,2600,2662.5,2675,2750,2750
"Tribeca","New York","NY","New York","New York",53,,,,,,,,,,,,,,,,3100,3112.5,3072.5,2995,3000,2995,2952,3000,3145,3050,2975,3200,3095,3000,2995,3000,2995,2997.5,3037.5,3195,3192.5,3112.5,2995,2997.5,2995,2995,3012.5,3195,3295,3300,3495,3472.5,3395,3495,3350,3350,3395,3395,3477.5,3495,3754,3635,4000,4095,4000,3647.5,3530,3403,3495,3540,3576,3495,3554,3595,3447.5,3500,3372.5,3355,3195,3195,3295,3350,3325
"Kenmore","Boston","MA","Boston","Suffolk",54,,,,,,1295,1275,1260,1250,1262.5,1275,1262.5,1300,1325,1262.5,1295,1300,1335,1325,1350,1375,1395,1362.5,1400,1425,1425,1425,1450,1450,1450,1475,1475,1475,1475,1475,1475,1460,1475,1475,1490,1500,1500,1525,1530,1550,1550,1550,1550,1525,1547.5,1525,1550,1542.5,1600,1600,1625,1625,1625,1615,1595,1590,1600,1600,1632.5,1650,1650,1650,1655,1650,1650,1675,1650,1600,1575,1550,1650,1700,1700
"Gold Coast","Chicago","IL","Chicago","Cook",55,,,,,,,,,,,,,,,,,,,,,1210,1304,1307,1304,1289,1289,1299,1304,1263,1279,1250,1300,1325,1321,1305,1321,1300,1275,1297.5,1322,1322,1322,1316,1301,1305,1325,1323,1353,1333,1334,1326,1325,1314,1300,1273,1300,1300,1300,1301,1305,1300,1314,1325,1325,1300,1300,1304,1300.5,1305,1305,1295,1335,1325,1325,1321,1309,1302.5,1331
"Tudor City","New York","NY","New York","New York",56,,,,,,2150,2150,2200,2200,2200,2295,2300,2300,2300,2300,2300,2300,2300,2225,2300,2300,2300,2250,2200,2250,2200,2250,2300,2250,2295,2300,2300,2300,2300,2350,2300,2300,2300,2300,2300,2300,2300,2300,2350,2350,2300,2300,2297.5,2250,2300,2300,2295,2300,2250,2200,2200,2292.5,2237.5,2250,2300,2300,2300,2295,2300,2300,2300,2300,2300,2300,2200,2300,2300,2300,2300,2245,2195,2195,2197.5
"Battery Park","New York","NY","New York","New York",57,,,,,,,,,,,2775,2797.5,2672.5,2725,2697.5,2857.5,2762.5,2725,2672,2586,2595,2655,2625,2550,2550,2562.5,2610.5,2475,2500,2495,2475,2560,2637.5,2595,2537.5,2537.5,2495,2550,2580,2495,2500,2495,2495,2500,2550,2805,2850,2850,2975,2847.5,2900,3037.5,3095,3000,2947.5,2975,3037.5,2900,2900,2995,2902.5,2925,2875,2900,2914,3050,2990,2862.5,3035,2980,3025,2922.5,2970,3025,2790,2887.5,2900,2819
"Dupont Circle","Washington","DC","Washington","District of Columbia",58,,,,,,,,,,,,,,,,,2319,2142,2075,2000,2088,2090,2029.5,2200,2054,1956,1980,2050,1934,2065,2008,1870,1857,2150,2100,2080,2135,2315,1997.5,1915,1915,1880,1897.5,1825,1919,1995,1880,1954,1987,1979,1900,1964.5,1890,1995,1950,1845,1800,1805,1870,1829.5,1980,1877.5,1875,1860,1890,1905,2037.5,1877.5,1880,1935,2067,1930,1927.5,1945,1895.5,1877,1860,1993
"Pleasant Valley","Austin","TX","Austin","Travis",59,,,,,,,,,,,,,,,,,,,,,,,,,,,,525,525,515,512.5,520,510,525,535,535,537.5,535,535,535,535,535,535,521,521,527,527,527,527,521,521,521,521,521,521,521,521,521,521,521,521,521,521,521,521,521,521,521,521,521,521,521,521,521,521,521,521,521
"Lincoln Park","Chicago","IL","Chicago","Cook",60,,,,,,,,,,,,,,,,,,,,,,,,,,,,,,,,,,,,,,,,,,,,,,,,,1095,1125,1095,1105,1135,1045,1050,1045,1050,1050,1042.5,1000,1000,1067.5,1075,1095,1177.5,1125,1147.5,1095,1165,1115,1055,1077.5,1045,1050,1115,1150,1192.5,1150
"North Shore","Miami Beach","FL","Miami-Fort Lauderdale","Miami-Dade",61,,,,,,,,,,,,,,,,,,,,,,,,,,,,,,900,900,937.5,900,925,950,937.5,950,912.5,950,900,900,900,900,975,1000,1000,1000,1000,1000,1050,1000,1000,1050,1050,1050,1100,1075,1050,1050,1075,1075,1100,1125,1125,1125,1100,1100,1200,1150,1150,1087.5,1100,1100,1075,1100,1100,1137.5,1150
"Mid-Cambridge","Cambridge","MA","Boston","Middlesex",62,,,,,,,,,,,,,,,,,,,,,,,,,1637.5,1600,1625,1650,1822.5,1650,1600,1600,1600,1550,1550,1600,1625,1600,1650,1625,1600,1645,1645,1612.5,1637.5,1650,1625,1675,1637.5,1600,1612.5,1650,1650,1650,1700,1700,1700,1650,1675,1750,1700,1687.5,1700,1750,1700,1695,1700,1750,1700,1750,1700,1650,1650,1650,1650,1650,1675,1725
"Park West","Chicago","IL","Chicago","Cook",63,,,,,,,,,,,,,,,,,,,,,,,,,,,,,,,,,,,,,,,,,,,,,,,,,,,,,,,,,,,,,,,,,,,1150,1150,1135,1100,1095,1155,1075,1065,1130,1175,1150,1160
"Old Town","Chicago","IL","Chicago","Cook",64,,,,,,,,,,1417,1399,1399,1335,1277.5,1325,1340,1340,1375,1447.5,1510,1460,1510,1605,1761,1707.5,1713,1711,1695.5,1620,1620,1600,1630,1630,1660,1657.5,1617.5,1617.5,1465,1605,1602.5,1605,1640,1675,1635,1675,1750,1720,1754,1717,1660,1675,1675,1750,1675,1690,1710,1690,1690,1640,1675,1670,1665,1582.5,1515,1540,1622.5,1620,1620,1637.5,1660,1640,1650,1612.5,1615,1597.5,1605,1675,1665
"Hunters Point","New York","NY","New York","Queens",65,,,,,,,,,,,1945,2062.5,2045,2017.5,1895,1800,2016.5,2200,2200,2215,2247.5,2200,2195,2195,2200,2225,2215,2195,2160,2190,2196.5,2195,2209,2195,2228.5,2210,2190,2195,2190,2209,2230,2250,2300,2383,2350,2300,2253.5,2195,2250,2275,2295,2300,2275,2315,2350,2350,2350,2372.5,2395,2395,2350,2336.5,2325,2303,2322.5,2320,2300,2325,2300,2328,2333,2350,2320,2295,2250,2233,2260,2285
"The Loop","Chicago","IL","Chicago","Cook",66,,,,,1449,1542,1544,1550.5,1550,1550,1548,1550,1515,1525,1540,1550,1550,1558,1569.5,1568,1569,1600,1643,1618,1603,1600,1570,1611,1632.5,1591,1647.5,1610,1650,1669,1650.5,1672.5,1673,1650,1634,1635,1625,1625,1639,1664,1680,1742,1689,1743,1705,1672.5,1642.5,1658,1733.5,1726,1651,1743,1690,1705,1649,1653,1658,1725,1667.5,1658,1687.5,1645,1639,1636,1630,1675,1745,1613,1617,1629,1600,1642.5,1654.5,1669
"Murray Hill","New York","NY","New York","New York",67,,,,,,,,,2100,2100,2200,2200,2100,2200,2200,2200,2225,2200,2200,2200,2200,2300,2200,2200,2200,2200,2200,2200,2200,2200,2200,2225,2200,2200,2300,2300,2200,2250,2300,2300,2300,2300,2300,2300,2300,2400,2425,2442.5,2600,2547.5,2500,2500,2600,2500,2595,2600,2500,2500,2595,2500,2450,2597.5,2600,2500,2537.5,2500,2437.5,2462.5,2400,2400,2497.5,2399.5,2400,2412.5,2400,2450,2400,2450
"North End","Boston","MA","Boston","Suffolk",68,,,,,,,,,,,,,,,,,,,,,,,,,,,,,,,,,,,,,,1687.5,1700,1600,1675,1795,1800,1800,1800,1850,1800,1800,1800,1850,1875,1850,1850,1850,1845,1850,1700,1800,1850,1750,1895,1900,1900,1800,1700,1750,1800,1850,1850,1850,1800,1850,1900,1700,1900,1800,1800,1800
"Downtown","New York","NY","New York","Kings",69,,,,,,,,,,,2366,2355,2325,2296,2187.5,2171.5,2168,2195,2200,2200,2195,2250,2320,2325,2302.5,2375,2340,2370,2365,2305,2360,2400,2375,2390,2400,2415,2400,2425,2455,2445,2425,2390,2374,2400,2430,2399,2435,2440,2377.5,2399,2420,2475,2485,2500,2600,2705,2650,2587.5,2585,2552.5,2600,2536,2533,2567.5,2540,2435,2427.5,2450,2483,2466.5,2520,2594,2515,2505,2471.5,2490,2473,2485
"Beacon Hill","Boston","MA","Boston","Suffolk",70,,,,,,,,,,,,,,,,1500,1450,1500,1500,1495,1500,1572.5,1600,1675,1600,1600,1600,1600,1600,1600,1600,1600,1650,1677.5,1700,1800,1800,1862.5,1850,1750,1800,1762.5,1800,1700,1750,1700,1750,1800,1800,1800,1800,1750,1750,1750,1750,1750,1750,1700,1700,1700,1795,1800,1797.5,1775,1800,1800,1750,1800,1750,1750,1750,1850,1795,1800,1812.5,1800,1800,1800
"Chinatown","Boston","MA","Boston","Suffolk",71,,,,,,,,,,,,,,,,,,,,,,,,,,,,,,,,,,,,,,,,,,,,,,,,,,,,,,,,,,,,2267.5,1947.5,1800,1812.5,1800,1812.5,1825,1800,1812.5,1750,1725,1775,1775,1800,1775,1750,1895,1762.5,1750
"Belltown","Seattle","WA","Seattle","King",72,,,,,,,,,,,,,,,,,,1095,1085,1080,1122.5,1167.5,1122,1202.5,1172.5,1120,1030,1130,1103.5,1195,1160,1150,1227.5,1329,1274,1290,1180,1230,1130,1110,1110,1110,1185,1240,1285,1301.5,1287.5,1318,1296,1297.5,1366,1380.5,1407,1465,1429.5,1402.5,1460.5,1504,1489.5,1475,1398,1396,1396,1398.5,1473,1530.5,1492,1407.5,1541,1369,1575,1539.5,1367,1464,1480,1608,1611,1648
"River North","Chicago","IL","Chicago","Cook",73,,,,,,,,,,,,,1460,1413.5,1437,1498,1452,1500,1527,1635,1634.5,1600,1649,1590,1606,1572,1602.5,1618,1651,1676.5,1688,1701,1700,1700,1681.5,1661.5,1650,1603,1600,1597,1615,1699,1725,1735,1764,1778.5,1698.5,1656,1656,1695,1716,1727,1759,1885,1795.5,1798.5,1806,1803,1656.5,1694,1669,1638.5,1641,1701,1740,1751,1745,1664,1670,1767.5,1807,1697.5,1681,1668.5,1628,1742,1826.5,1842
"West Loop Gate","Chicago","IL","Chicago","Cook",74,,,,,,,,,,,,,,,,,,,,,,,,,,,,,,,,,,,,,,,,,,,,,,,,,,,,,,1700,1510,1496,1504.5,1515,1525,1557,1541.5,1541,1462,1485,1523.5,1468.5,1401,1473,1408.5,1415,1452.5,1419,1412,1419,1449,1414,1455,1419
"New Eastside","Chicago","IL","Chicago","Cook",75,,,,,1552,1585,1573.5,1561,1610.5,1615.5,1608,1601,1592.5,1573.5,1699,1721,1721,1723,1779,1755,1714,1602.5,1678,1754.5,1751,1683,1601,1685,1670,1762,1762,1788,1790,1818,1795,1762,1739,1707,1735,1786,1746.5,1735,1710,1787,1778.5,1815,1797,1760,1735,1756.5,1760,1736,1782,1781,1735,1720.5,1702,1762.5,1712,1706,1700,1682,1662,1660,1629,1690,1754.5,1822,1783.5,1832,1832,1864,1783.5,1787,1742,1738.5,1702,1728
"Garment District","New York","NY","New York","New York",76,,,,,,,,,,,,,,,,,,2400,2400,2502.5,2497.5,2505,2500,2650,2580,2500,2500,2450,2450,2497.5,2500,2600,2500,2500,2597.5,2555,2480,2425,2450,2485,2450,2439,2400,2555,2612.5,2600,2750,2895,2797.5,2700,2700,2800,2715,2700,2750,2750,2750,2775,2750,2800,2875,2875,2800,2750,2795,2750,2750,2700,2795,2700,2800,2725,2812.5,2800,2775,2800,2895,2797.5
"Fulton River District","Chicago","IL","Chicago","Cook",77,,,,,,,,,,1457,1466,1514,1464,1500,1501,1501,1500.5,1521,1559,1562,1589,1600,1615,1575,1569,1614,1611.5,1624,1649,1614,1619.5,1654,1682.5,1685,1698,1699,1705,1626,1656,1700,1710,1700,1724,1725,1700,1766,1735,1720,1701,1720,1700,1730,1747,1705.5,1691,1745.5,1766,1768,1742,1750,1730,1685,1681,1680.5,1700,1700.5,1720,1720,1700,1745,1730,1720,1735,1700,1695,1700,1700,1735
"Rittenhouse","Philadelphia","PA","Philadelphia","Philadelphia",78,,,,,,,,,,,,,,,,,,,,,,,,,,,,,,,,,1150,1197.5,1250,1242.5,1145.5,1195,1188,1246,1220,1225,1200,1250,1250,1250,1195,1219.5,1222,1268.5,1250,1240,1262.5,1347,1325,1325,1256,1250,1250,1294,1195,1300,1231.5,1295,1250,1330,1325,1330,1375,1250,1295,1320,1370,1250,1325,1295,1375,1375
