"RegionName","City","State","Metro","CountyName","SizeRank","2010-02","2010-03","2010-04","2010-05","2010-06","2010-07","2010-08","2010-09","2010-10","2010-11","2010-12","2011-01","2011-02","2011-03","2011-04","2011-05","2011-06","2011-07","2011-08","2011-09","2011-10","2011-11","2011-12","2012-01","2012-02","2012-03","2012-04","2012-05","2012-06","2012-07","2012-08","2012-09","2012-10","2012-11","2012-12","2013-01","2013-02","2013-03","2013-04","2013-05","2013-06","2013-07","2013-08","2013-09","2013-10","2013-11","2013-12","2014-01","2014-02","2014-03","2014-04","2014-05","2014-06","2014-07","2014-08","2014-09","2014-10","2014-11","2014-12","2015-01","2015-02","2015-03","2015-04","2015-05","2015-06","2015-07","2015-08","2015-09","2015-10","2015-11","2015-12","2016-01","2016-02","2016-03","2016-04","2016-05","2016-06","2016-07","2016-08","2016-09","2016-10","2016-11","2016-12","2017-01","2017-02","2017-03"
"Northeast Dallas","Dallas","TX","Dallas-Fort Worth","Dallas",1,,,,,,,,,,,,,,,,,,,,,,,,,,,,,,,,,,,,,,,,,,,,,,,,,,,,,,,,,,,,1595,1600,1600,1585,1600,1550,1550,1550,1550,1450,1412.5,1495,1497.5,1750,1700,1600,1700,1600,1600,1625,1725,1550,1750,1650,1600,1600,1695
"Paradise","Las Vegas","NV","Las Vegas","Clark",2,,,,,,,,,,,,,,,,,,,,,,,,1195,1195,1195,1195,1195,1195,1150,1150,1150,1100,1100,1100,1100,1150,1150,1150,1185,1200,1200,1200,1200,1200,1200,1200,1250,1250,1250,1250,1275,1295,1250,1250,1250,1250,1295,1250,1250,1292.5,1295,1300,1295,1300,1300,1300,1350,1295,1300,1300,1300,1347.5,1350,1350,1350,1350,1295,1350,1350,1295,1300,1250,1300,1300,1350
"Maryvale","Phoenix","AZ","Phoenix","Maricopa",3,,,,,,895,937.5,895,875,875,899,850,850,850,850,850,850,850,850,850,850,845,800,825,825,850,850,875,895,895,895,895,895,875,875,850,850,850,850,850,850,850,850,870,850,875,850,850,850,850,872.5,884,895,895,900,895,895,895,900,899,899,900,925,925,925,932,935,925,925,945,950,950,975,975,980,970,990,995,950,990,955,975,950,995,1000,1025
"Upper West Side","New York","NY","New York","New York",4,,,,,,,,,,,3550,2952.5,2575,3000,3125,3175,3225,3330,3377.5,3400,3390,3650,3600,3695,3512.5,3490,3450,3500,3550,3597.5,3600,3600,3599,3452.5,3400,3300,3275,3295,3200,3400,3450,3337.5,3272.5,3300,3300,3239,3239.5,3175.5,3100,3100,3100,3208.5,3200,3153,3295,3300,3350,3400,3400,3350,3300,3267,3295,3300,3354.5,3350,3359,3400,3350,3295,3359,3350,3350,3377,3350,3350,3350,3300,3350,3325,3350,3412.5,3350,3295,3297.5,3200
"Sherman Oaks","Los Angeles","CA","Los Angeles-Long Beach-Anaheim","Los Angeles",5,,,,,,,,,,,,,,,,,,,,,,,,,,,,,,,,,,,,,,,,,,,,,,,,,,,,,,,,,,,,,,,,,,,,,,,,,4797.5,4850,5500,5500,5000,4500,4600,4600,4675,4695,4350,4295,4425,4750
"Upper East Side","New York","NY","New York","New York",6,,,,,,,,,,,,,,,,,,,,,,,,,3125,3095,3095,3067,2835,2800,2897.5,2950,2900,2850,2700,2675,2695,2795,2775,2950,2950,2945,2795,2797.5,2795,2845,2800,2847.5,2850,2872.5,2995,2995,2995,2895,3000,3000,2995,2995,2995,2995,2995,2995,2950,2950,2995,2950,2950,2995,2995,2995,2995,2995,2995,2995,2995,2995,2950,2950,2845,2845,2800,2900,2785,2850,2950,2872.5
"Sunrise Manor","Las Vegas","NV","Las Vegas","Clark",7,,,,,,,,,,,,950,950,950,900,950,982.5,950,925,925,900,900,900,900,900,900,950,950,900,900,947.5,950,925,900,900,900,900,925,950,950,945,949,950,950,949,950,950,950,950,950,950,995,995,975,995,995,995,997,995,995,1000,1000,1000,995,995,1027,1050,1000,1025,1000,1000,999,1050,1050,1050,1000,1050,1090,1050,1050,1050,1050,1050,1050,1050,1100
"Spring Valley","Las Vegas","NV","Las Vegas","Clark",8,,,,,,1172.5,1250,1295,1250,1295,1242.5,1295,1299,1295,1250,1300,1295,1300,1295,1250,1275,1275,1250,1200,1200,1200,1250,1245,1250,1200,1200,1200,1200,1200,1199,1200,1199,1199,1200,1200,1195,1198,1225,1239,1249.5,1250,1250,1250,1250,1250,1250,1250,1250,1285,1296.5,1295,1280,1295,1300,1312.5,1350,1345,1350,1350,1350,1350,1395,1350,1330,1350,1350,1350,1375,1400,1350,1350,1395,1350,1300,1300,1350,1350,1350,1350,1377.5,1450
"Paradise Valley","Phoenix","AZ","Phoenix","Maricopa",9,,1600,1662.5,1550,1722.5,1650,1587.5,1550,1472.5,1450,1472.5,1499.5,1450,1450,1395,1397.5,1400,1400,1362.5,1350,1295,1395,1395,1395,1395,1395,1350,1400,1400,1350,1345,1295,1295,1299,1295,1350,1300,1300,1350,1395,1377.5,1400,1350,1425,1450,1400,1450,1450,1400,1425,1450,1500,1500,1500,1500,1495,1500,1525,1612.5,1695,1700,1695,1600,1595,1595,1550,1500,1540,1550,1600,1700,1695,1650,1650,1650,1677.5,1595,1695,1650,1635,1500,1595,1562.5,1600,1695,1797.5
"Deer Valley","Phoenix","AZ","Phoenix","Maricopa",10,,,1190,1137.5,1172.5,1175,1149.5,1050,1049,1150,1185,1262.5,1200,1200,1195,1195,1195,1199,1195,1150,1100,1100,1150,1150,1150,1175,1195,1195,1162.5,1150,1195,1197.5,1200,1199,1195,1199,1200,1200,1195,1195,1195,1195,1150,1175,1150,1175,1195,1195,1195,1190,1195,1200,1250,1250,1250,1225,1245,1200,1200,1200,1250,1250,1250,1250,1250,1250,1282.5,1295,1295,1272.5,1290,1300,1295,1295,1282.5,1295,1295,1275,1292.5,1295,1295,1250,1295,1310,1370,1350
"Washington Heights","New York","NY","New York","New York",11,,,,,,,,,,,,,,,,,,,,,,1500,1500,1523,1525,1550,1600,1637.5,1595,1625,1575,1595,1595,1579.5,1550,1600,1595,1600,1650,1600,1700,1700,1675,1675,1675,1650,1700,1685,1685,1700,1700,1700,1700,1700,1700,1700,1700,1687.5,1675,1675,1700,1700,1700,1700,1700,1700,1700,1700,1700,1700,1700,1700,1700,1700,1700,1700,1687.5,1700,1700,1687.5,1700,1700,1687.5,1700,1700,1700
"Astoria","New York","NY","New York","Queens",12,,,,,,,,,,,,,,,,,,,,,,1625,1795,1850,1850,1802.5,1800,1800,1800,1925,1962.5,2125,2200,2200,2200,2200,2200,2200,2200,2300,2400,2300,2300,2300,2395,2500,2350,2300,2300,2300,2200,2100,2222.5,2189.5,2250,2200,2297.5,2400,2400,2500,2472.5,2500,2400,2500,2500,2500,2450,2400,2387.5,2400,2300,2500,2500,2400,2400,2400,2500,2300,2550,2600,2350,2490,2400,2400,2200,2400
"North Mountain","Phoenix","AZ","Phoenix","Maricopa",13,,,,,,,,,,,,900,950,999,1022.5,995,975,975,995,985,950,950,950,950,950,995,995,1000,1000,1000,1000,995,990,962.5,980,995,995,995,995,999,1037.5,1050,995,1025,1000,995,995,1000,1000,1000,1000,1075,1100,1095,1100,1095,1095,1095,1080,1095,1095,1095,1095,1122.5,1150,1100,1095,1100,1135,1099,1100,1150,1150,1175,1195,1150,1195,1150,1175,1165,1150,1150,1095,1146,1197.5,1250
"Far North","Dallas","TX","Dallas-Fort Worth","Dallas",14,,,,,,,,,,,,,,,,,,,,,,,,,,,,,,,,,,,,,,,,1650,1872.5,1895,1800,1750,1750,1800,1895,1750,1795,1850,1850,1977.5,2100,2000,2100,1995,1995,2100,1997.5,1980,2100,2000,2195,2100,1995,1900,1925,1850,1800,1925,2000,1900,1977.5,1962.5,1950,1965,1995,2100,1900,1895,1890,1995,1750,1950,1850,1950
"Williamsburg","New York","NY","New York","Kings",15,,,,,,,,,,,,,,,,,,,,,,3465,3465,2950,2562.5,2600,2750,2800,2700,2700,2800,3250,3200,3000,3099.5,3220,3099,2900,2900,3200,3200,3250,3500,3500,3500,3000,2895,2800,2900,2965,2975,3000,3147.5,3500,3500,3300,3204,3195,3300,3300,3200,3200,3334.5,3250,3499.5,3400,3300,3350,3325,3250,3250,3300,3097.5,3195,3575,3500,3250,2972.5,3395,3300,3400,3650,3575,3195,3197.5,2924.5
"Bedford Stuyvesant","New York","NY","New York","Kings",16,,,,,,,,,,,,,,,,,,1600,1600,1650,1600,1600,1500,1500,1500,1500,1600,1650,1650,1697.5,1700,1742,1700,1700,1700,1750,1799,1800,1800,1992,2050,2100,2100,2150,2200,2075,2000,2050,2000,2000,2050,2150,2175,2349,2399.5,2395,2450,2500,2400,2370,2250,2350,2499,2500,2400,2450,2400,2400,2399,2475,2500,2462.5,2495,2400,2400,2500,2475,2495,2497.5,2400,2700,2550,2390,2400,2425,2497.5
"East Side","El Paso","TX","El Paso","El Paso",17,,,,,,,,,,,,,,1062.5,1125,1195,1062.5,1100,1045,1097.5,1100,1090,1000,1095,1075,1100,1195,1100,1112.5,1100,1100,1075,1047.5,1000,995,995,997,1000,1000,1000,1000,1000,1050,1000,1000,995,995,995,995,995,995,1050,1050,1000,1000,1000,1000,1037.5,1050,1025,1020,1050,1077.5,1075,1095,1100,1100,1075,1050,1037.5,1000,1020,1000,1050,1050,1025,1050,1095,1000,1000,1050,995,995,1000,1000,1050
"Alhambra","Phoenix","AZ","Phoenix","Maricopa",18,,,,,,,,895,872.5,860,947.5,950,925,850,895,895,850,850,850,875,850,895,845,850,850,899.5,895,895,899,875,899,925,950,900,900,900,900,900,899.5,887,895,895,875,900,900,899,895,895,895,900,900,937.5,950,995,950,975,950,950,950,937.5,992.5,985,975,1005,995,950,950,997,1000,997,1075,1000,1050,1050,1093.5,1100,1090,1056,1050,1100,1010,995,1080,1091,1150,1138
"Southeast Dallas","Dallas","TX","Dallas-Fort Worth","Dallas",19,,,,,,,,,,,,,997.5,1050,950,950,950,962.5,850,875,995,995,975,995,950,950,900,950,995,995,998.5,1000,995,963,995,998,1014,1025,1025,1025,995,995,950,962.5,950,950,950,997.5,1000,1050,1050,1050,1050,995,1000,1050,1050,1050,1050,1025,1000,995,1000,1000,1000,1000,1000,1000,1000,1035,995,995,1000,1125,1135,1175,1130,1150,1097.5,1100,1072.5,1150,1072.5,1150,1150,1097.5
"Harlem","New York","NY","New York","New York",20,,,,,,,,,,,,,,,,,,,,1650,1650,1795,1795,1800,1897.5,1795,1750,1750,1750,1775,1850,1800,1833,1800,1797.5,1775,1699,1739.5,1700,1850,1850,1797.5,1925,1926.5,1850,1875,1850,1938.5,1990,1925,1900,1999,1900,1950,2055,2055,2295,2075,2052.5,1950,2050,2052.5,2100,2300,2345,2200,2087.5,2100,2397,2396,2322.5,2255,2322.5,2347.5,2395,2100,2100,1950,2200,2055,2075,2190,2100,2195,2200,2200
"East Harlem","New York","NY","New York","New York",21,,,,,,,,,,,,,,,,,,,,,,,,,,,,,,,,,,2700,2595,2750,2525,2550,2550,2800,2800,2700,2872.5,2895,2995,2650,2697.5,2800,2795,2697.5,2695,2800,2697.5,2800,2695,2712.5,2695,2872.5,2500,2712.5,2795,2797.5,2800,2800,2795,2800,2897.5,2800,2797.5,2750,2800,2872.5,2895,2900,2900,2900,2895,2900,2872.5,2900,2897.5,2872.5,2900,2795,2799,2795
"Bushwick","New York","NY","New York","Kings",22,,,,,,,,,,,,,,,,,,,,,,,,,,,,,,,,,,,,,,,,,2325,2399.5,2300,2400,2235,2300,2325,2400,2350,2275,2300,2300,2350,2400,2400,2500,2500,2500,2500,2500,2400,2400,2495,2500,2500,2550,2550,2599,2599,2600,2600,2800,2760,2750,2795,2700,2650,2550,2800,2525,2200,2487.5,2499.5,2500,2500,2500
"North Scottsdale","Scottsdale","AZ","Phoenix","Maricopa",23,2999,2995,2950,2795,3000,3000,2875,2800,2995,3000,3122.5,3000,2895,2800,2800,2800,2750,2800,2750,2672.5,2750,2500,2500,2500,2500,2600,2500,2600,2695,2600,2600,2575,2495,2250,2495,2500,2495,2495,2500,2500,2495,2350,2395,2400,2495,2500,2495,2450,2497.5,2450,2400,2600,2500,2550,2550,2650,2700,2700,2700,2700,2700,2700,2700,2700,2774.5,2900,2700,2700,2950,3000,3000,2950,3000,3200,2995,2700,2695,2795,2800,2600,2725,2812.5,2700,2900,2800,2800
"Enterprise","Las Vegas","NV","Las Vegas","Clark",24,,1297.5,1195,1197.5,1100,1179.5,1200,1250,1200,1200,1195,1250,1250,1250,1290,1275,1250,1250,1250,1250,1250,1250,1250,1250,1200,1200,1210,1200,1250,1250,1225,1200,1200,1200,1200,1200,1200,1250,1249,1249,1250,1250,1250,1250,1249,1250,1225,1200,1200,1225,1225,1290,1295,1295,1295,1295,1295,1250,1250,1295,1295,1295,1300,1299,1300,1325,1350,1307.5,1325,1347,1300,1300,1350,1350,1350,1350,1350,1300,1300,1350,1350,1350,1300,1350,1375,1395
"South Mountain","Phoenix","AZ","Phoenix","Maricopa",25,,,,,,,,1100,1100,987.5,995,995,1095,1050,995,1000,1050,995,995,990,995,995,950,995,995,1000,1050,1000,995,1000,1000,1000,1000,1000,1000,1000,1050,1045,1000,1000,1000,995,950,1025,1025,1047,1047.5,1025,1000,1000,1025,1025,1000,1037.5,1050,1080,1075,1085,1097.5,1095,1100,1150,1100,1100,1095,1100,1087,1067.5,1070,1070,1075,1090,1085,1125,1115,1095,1125,1127.5,1121.5,1150,1095,1050,1095,1100,1150,1150
"East Memphis-Colonial-Yorkshire","Memphis","TN","Memphis","Shelby",26,,,,,,,,,,,,,800,795,795,812.5,850,850,995,950,975,837.5,850,850,850,850,890,850,862.5,890,795,850,832.5,795,795,750,795,795,800,850,857.5,850,850,850,850,812.5,850,825,795,795,795,825,850,797.5,799,795,795,825,795,807.5,795,825,800,812.5,795,795,795,795,795,800,850,850,825,822.5,850,875,825,850,875,850,900,850,825,850,795,825
"South Side","Corpus Christi","TX","Corpus Christi","Nueces",27,,,,,,,,,,,,,,,,,,,,,,,,,,,,,,,,,,,1372.5,1395,1350,1550,1500,1550,1650,1600,1600,1600,1650,1650,1750,1750,1650,1625,1600,1600,1650,1650,1600,1650,1750,1700,1650,1687.5,1662.5,1650,1700,1725,1700,1695,1700,1637.5,1650,1600,1600,1650,1634,1700,1712.5,1670,1650,1795,1672.5,1550,1650,1500,1550,1600,1600,1600
"Alief","Houston","TX","Houston","Harris",28,,,,,,,,,,,,,,,,,,,,,,,,,,,,,,,,,,,,,,,,,,,,,,,,,,,,,,,,,,,,,,,,,,850,855,875,900,875,900,877.5,900,875,865,812.5,825,830,852.5,794.5,830,800,830,945,1100,1125
"Bullard","Fresno","CA","Fresno","Fresno",29,,,,,,,,,,,,,,,,,,,,,,,,1195,1182.5,1197.5,1250,1195,1195,1195,1200,1212.5,1200,1200,1200,1200,1150,1195,1200,1250,1250,1250,1250,1295,1262.5,1250,1200,1197.5,1200,1200,1250,1295,1250,1295,1295,1295,1250,1295,1295,1350,1350,1325,1350,1295,1285,1350,1350,1300,1300,1350,1295,1250,1250,1295,1295,1337.5,1275,1297.5,1350,1400,1295,1362.5,1300,1395,1350,1400
"Northeast","El Paso","TX","El Paso","El Paso",30,,,,,,,,,,,,,,,1000,990,1025,1050,985,1010,975,975,995,995,1050,1095,985,1000,1100,1022.5,950,950,975,975,950,925,925,950,975,990,995,950,950,975,950,950,950,950,950,950,950,995,995,995,950,950,950,950,950,950,950,980,977.5,995,985,995,995,995,975,950,950,950,950,975,995,950,1050,950,995,950,975,950,977.5,950,950,985
"Southwest Dallas","Dallas","TX","Dallas-Fort Worth","Dallas",31,,,,,,,,,,,,,,,,1125,1150,1195,1100,1097.5,1050,1050,1100,1150,1150,1150,1100,1100,1195,1150,1150,1098,1100,1112.5,1175,1150,1175,1195,1200,1195,1200,1200,1230,1200,1185,1195,1200,1195,1200,1200,1195,1225,1225,1200,1195,1200,1250,1200,1212.5,1250,1292.5,1275,1250,1262.5,1262.5,1262.5,1242.5,1295,1295,1250,1250,1250,1275,1300,1350,1295,1300,1295,1245,1297.5,1295,1300,1295,1295,1392.5,1425
"West San Jose","San Jose","CA","San Jose","Santa Clara",32,,,,,,,,,,,,,,,,,,,,,,,,,,,,,,,,,,,,,,,,,,,,,,,,,,,,,,2995,3200,3495,3496.5,3247.5,3245,3500,3497.5,3450,3500,3900,3750,3750,3500,3550,3612.5,3597.5,3495,3650,3622.5,3800,3750,3600,3750,3600,3750,3600,3500,3397.5,3195,3395,3462.5,3597.5
"White Haven-Coro Lake","Memphis","TN","Memphis","Shelby",33,,,,,,,,,,,,,,,,,,,,,,,,,,,,,,,,,,850,795,750,750,750,750,750,775,775,785,810,795,800,825,795,795,795,795,795,803,825,800,795,795,795,775,775,750,795,795,795,795,795,750,795,795,795,795,750,795,797,822.5,825,825,795,825,775,762.5,750,850,825,800,850
"East","Arlington","TX","Dallas-Fort Worth","Tarrant",34,,,,,,,,,,,,,,,,,,900,900,897.5,885,860,900,900,925,889,885,947.5,950,972.5,975,992.5,962.5,950,935,900,912.5,895,912,937.5,975,1032.5,995,950,995,1045,1025,1050,1095,1075,1075,1100,1097.5,1132.5,1097.5,1075,1000,1075,1112.5,1062.5,1095,1095,1150,1127,1135,1125,1095,1112.5,1150,1200,1150,1150,1200,1277.5,1262.5,1292.5,1195,1095,1200,1195,1230,1250,1200,1297.5,1250,1295
"Lower East Side","New York","NY","New York","New York",35,,,,,,,,,,,,,,,,,,,,,,,,,,,,,,,,,,,,,,,,,,,,,,,,,3995,3995,3995,3995,3995,3995,3995,3995,3995,3995,3995,3995,3995,3995,3995,3995,3995,3995,3995,3995,3995,3995,3995,3995,3995,3995,3995,3772.5,3995,3995,3995,3995,3995,3995,3995,3995,3995,3969
"Northwest","El Paso","TX","El Paso","El Paso",36,,,,,,,,,,,,,,1600,1600,1600,1500,1462.5,1425,1400,1450,1372.5,1500,1500,1425,1500,1495,1400,1400,1400,1487.5,1450,1450,1450,1450,1485,1450,1450,1425,1450,1400,1395,1395,1300,1300,1325,1350,1300,1300,1295,1300,1400,1400,1400,1377.5,1380,1350,1345,1350,1350,1350,1350,1400,1400,1400,1400,1400,1350,1350,1350,1300,1325,1350,1325,1300,1400,1400,1425,1350,1350,1295,1300,1295,1300,1295,1295
"Southeast","Arlington","TX","Dallas-Fort Worth","Tarrant",37,,,,,,,,,,,,,1372.5,1395,1350,1350,1350,1295,1295,1250,1295,1295,1250,1250,1295,1325,1297.5,1250,1295,1295,1295,1285,1280,1295,1297.5,1295,1300,1325,1350,1350,1350,1350,1350,1350,1350,1350,1350,1325,1300,1300,1325,1397.5,1395,1350,1350,1350,1350,1350,1350,1350,1395,1395,1445,1445,1395,1475,1450,1450,1425,1400,1425,1400,1400,1448.5,1450,1450,1495,1475,1495,1450,1500,1450,1495,1499,1525,1505
"Preston Hollow","Dallas","TX","Dallas-Fort Worth","Dallas",38,,,,,,,,,,,,,,,,,,,,,,,,,,,,,,,,,,,,,,,,,,,,,,,,,,,,,,,,,,,1600,1765,1800,1962.5,1995,1925,1950,1895,1995,1975,1900,1950,1950,1875,2000,2200,2200,1900,2097.5,2000,2000,1910,1962.5,1950,1897.5,2000,1962.5,1850
"South Scottsdale","Scottsdale","AZ","Phoenix","Maricopa",39,,,,,,,,,,,,,1750,1682.5,1775,1570,1700,1595,1500,1597.5,1597.5,1597.5,1575,1537.5,1500,1595,1550,1500,1585,1550,1545,1500,1445,1300,1325,1400,1495,1350,1495,1500,1550,1500,1475,1500,1500,1500,1500,1500,1595,1550,1538.5,1560,1575,1627,1605,1609,1649,1650,1600,1699.5,1750,1770,1749,1712.5,1777,1745,1712.5,1700,1695,1760,1850,1825,1850,1850,1725,1795,1700,1750,1800,1700,1650,1800,1650,1895,1900,1895
"Ahwatukee Foothills","Phoenix","AZ","Phoenix","Maricopa",40,,,,1495,1425,1497.5,1437.5,1495,1695,1495,1650,1550,1545,1395,1395,1395,1450,1390,1392.5,1337.5,1350,1395,1425,1400,1397,1462.5,1450,1495,1452.5,1495,1495,1450,1350,1300,1391.5,1400,1450,1395,1450,1495,1499,1450,1425,1425,1492.5,1450,1450,1450,1450,1450,1450,1495,1495,1550,1585,1495,1495,1497,1500,1500,1535,1525,1550,1495,1547.5,1500,1545,1545,1497,1500,1585,1595,1695,1650,1575,1575,1595,1525,1575,1550,1512.5,1500,1575,1522,1550,1575
"West","Arlington","TX","Dallas-Fort Worth","Tarrant",41,,,,,,,,,,,,,,,,,,,,,,,,,1200,1195,1150,1097,1120,1150,1195,1150,1150,1150,1195,1135,1195,1150,1150,1195,1250,1212.5,1265,1300,1195,1200,1200,1195,1222.5,1200,1250,1295,1325,1297.5,1269.5,1250,1265,1250,1342.5,1350,1350,1350,1350,1297.5,1312.5,1350,1395,1350,1300,1300,1447.5,1450,1395,1400,1395,1372.5,1350,1450,1395,1400,1450,1397.5,1450,1450,1487.5,1495
"North Raleigh","Raleigh","NC","Raleigh","Wake",42,,,,1445,1495,1395,1395,1350,1445,1345,1395,1247,1395,1250,1250,1295,1295,1225,1250,1285,1200,1250,1250,1295,1250,1250,1425,1400,1495,1385,1295,1250,1295,1275,1250,1250,1100,1200,1250,1300,1350,1300,1295,1285,1275,1295,1275,1250,1250,1250,1250,1350,1350,1350,1395,1350,1350,1295,1309.5,1425,1425,1450,1400,1495,1495,1462.5,1462.5,1495,1397.5,1400,1450,1400,1450,1449.5,1400,1395,1450,1450,1450,1455,1400,1475,1472.5,1450,1495,1495
"East Village","New York","NY","New York","New York",43,,,,,,,,,,,,,,,,,2950,2850,3195,3100,3000,3297.5,3400,3412.5,3150,3100,3200,3430,3550,3395,3450,3492.5,3395,3495,3375,3227.5,3200,3200,3200,3442.5,3415,3395,3300,3300,3600,3600,3745,3500,3500,3300,3297.5,3300,3325,3745,3745,3745,3695,3410,3795,4000,3922.5,3972.5,3995,3895,3950,3845,3895,3850,3895,3895,3895,3850,3822.5,3872.5,3747.5,3695,3650,3795,3745,3795,3895,3845,3795,3795,3795,3845
"Cordova-Appling","Memphis","TN","Memphis","Shelby",44,,,,,,,,,,,,,,,,,,1305,1310,1247.5,1175,1175,1195,1235,1200,1125,1150,1250,1337.5,1250,1250,1150,1150,1195,1197.5,1195,1112.5,1150,1160,1137.5,1200,1200,1100,1100,1195,1172.5,1175,1195,1195,1195,1195,1225,1225,1200,1200,1247.5,1245,1245,1250,1247.5,1250,1250,1275,1250,1250,1245,1235,1200,1245,1245,1245,1250,1295,1295,1362.5,1295,1275,1262.5,1272.5,1285,1250,1249,1249,1200,1195,1272
"Eldridge - West Oaks","Houston","TX","Houston","Harris",45,,,,,,,,,,,,,,,,,,,,,,,,,,,,,,,,,,,,,,,,,,,,,,,,,,,,,,,,,,,,,,,2000,2000,1997.5,2100,2100,1900,1881,1850,1875,1875,1800,1800,1792.5,1700,1862.5,1749.5,1650,1700,1799,1697.5,1697,1650,1700,1700
"Hickory Ridge-South Riverdale","Memphis","TN","Memphis","Shelby",46,,,,,,,,,,,,,,,,,,,,,,,,,,962.5,950,962.5,950,895,895,850,895,925,900,895,937.5,950,950,950,950,950,925,925,900,950,960,975,995,975,975,950,970,950,950,950,950,950,975,975,975,950,950,950,950,950,975,975,975,995,975,975,995,1000,995,995,995,995,995,995,995,995,995,995,995,995
"Central Southwest","Houston","TX","Houston","Harris",47,,,,,,,,,,,,,,,,,,,,,,,,,,,,,,,,,,,,,,,,,1200,1150,1125,1175,1100,1100,1050,1100,995,1000,1137.5,1300,1237.5,1195,1195,1195,1195,1250,1325,1297.5,1300,1350,1250,1375,1350,1400,1450,1495,1450,1385,1347.5,1350,1350,1350,1450,1337.5,1425,1425,1350,1325,1400,1375,1375,1375,1397,1395
"Princess Anne","Virginia Beach","VA","Virginia Beach","Virginia Beach City",48,,,,,,,,,,,,1695,1725,1750,1700,1750,1750,1775,1750,1695,1695,1695,1695,1750,1750,1700,1750,1750,1700,1735,1750,1700,1700,1697.5,1695,1695,1650,1650,1695,1725,1735,1712.5,1695,1682.5,1650,1692.5,1700,1692.5,1750,1700,1700,1795,1795,1795,1795,1687.5,1695,1695,1695,1695,1675,1700,1795,1850,1812.5,1750,1750,1795,1750,1695,1750,1775,1750,1862.5,1750,1700,1695,1695,1750,1692.5,1725,1750,1750,1747.5,1695,1695
"Southeast Colorado Springs","Colorado Springs","CO","Colorado Springs","El Paso",49,,,,,,,,,,,,,962.5,1050,1050,1050,1000,997.5,950,950,950,975,995,995,999,999,995,997.5,1050,1050,1000,995,995,1025,1050,1050,1025,1050,995,1062.5,1095,1095,1050,1050,1050,1050,1000,1050,1072.5,1085,1050,1050,1095,1095,1097.5,1095,1095,1100,1095,1095,1095,1097.5,1050,1055,1100,1150,1150,1100,1147.5,1150,1100,1150,1100,1100,1100,1150,1150,1195,1200,1162.5,1150,1150,1200,1195,1210,1200
"Northwest Raleigh","Raleigh","NC","Raleigh","Wake",50,,,,1197.5,1322.5,1200,1175,1195,1272.5,1395,1397.5,1245,1250,1250,1295,1295,1272.5,1295,1300,1300,1300,1300,1300,1300,1375,1295,1295,1425,1395,1395,1300,1262.5,1250,1250,1250,1200,1100,1192.5,1300,1295,1300,1395,1425,1395,1395,1390,1397,1400,1350,1350,1350,1312.5,1395,1350,1300,1350,1400,1400,1395,1470,1450,1412.5,1495,1495,1495,1495,1495,1495,1450,1450,1450,1450,1420,1400,1450,1395,1472.5,1495,1407.5,1495,1395,1472.5,1547.5,1450,1460,1450
"Kingwood","Houston","TX","Houston","Harris",51,,,,,,,,,,,,,,,,,,,,,,,,,,,,,,,,,,1090,1082.5,1097,1035,1097,1133,1262,1475,1450,1550,1450,1400,1425,1485,1485,1475,1485,1500,1600,1700,1700,1600,1650,1600,1600,1750,1725,1695,1650,1650,1700,1725,1750,1700,1695,1675,1650,1650,1650,1629,1700,1785,1750,1699,1725,1825,1685,1675,1695,1585,1650,1600,1600
"Estrella","Phoenix","AZ","Phoenix","Maricopa",52,,,,,,,,,,945,900,950,950,950,975,975,975,950,950,975,950,950,925,925,950,950,950,975,975,975,950,950,950,950,950,950,950,950,950,950,950,975,950,950,950,950,950,950,950,950,950,980,975,975,975,975,995,992.5,975,995,995,995,995,1000,1025,1025,1025,1015,999.5,995,1025,1050,1050,1035,1070,1075,1082.5,1072.5,1059,1050,1042.5,1095,1050,1095,1100,1113
"Clear Lake","Houston","TX","Houston","Harris",53,,,,,,,,,,,,,,,,,,,,,,,,,,,,,,,,,,,,,,,,,,,,,,,,,1500,1525,1550,1600,1625,1600,1597,1695,1600,1662.5,1599,1650,1650,1692.5,1650,1668.5,1700,1650,1677.5,1700,1672.5,1700,1700,1699,1650,1650,1700,1695,1662.5,1650,1725,1697.5,1575,1650,1625,1600,1650,1672.5
"Greater Fondren Southwest","Houston","TX","Houston","Harris",54,,,,,,,,,,,,,,,,,,,,,,,,,,,,,,,,,,797.5,800,750,765,757,752.5,765,735,750,750,725,725,730,675,737,739,750,837.5,750,875,790,875,775,790,782.5,825,887,800,762,850,762,790,782.5,759,775,775,790,875,875,790,800,750,739,750,750,782.5,750,750,750,752.5,862.5,1000,950
"East Colorado Springs","Colorado Springs","CO","Colorado Springs","El Paso",55,,,,,,,,,,,,,,,,1125,1075,1100,1075,1095,1100,1175,1100,1100,1090,995,995,1050,1097.5,1100,1100,1037.5,1100,1100,1125,1100,1097.5,1100,1150,1150,1197.5,1195,1195,1195,1175,1195,1195,1195,1195,1175,1195,1200,1195,1197.5,1195,1200,1200,1195,1195,1250,1200,1200,1295,1200,1197.5,1232.5,1225,1200,1200,1275,1295,1295,1285,1250,1295,1295,1275,1225,1295,1350,1350,1272.5,1350,1250,1325,1350
"Northeast Colorado Springs","Colorado Springs","CO","Colorado Springs","El Paso",56,,,,,,,,,,,,,,,,1250,1250,1200,1200,1250,1200,1200,1200,1250,1237.5,1250,1275,1250,1275,1265,1250,1250,1237.5,1250,1250,1275,1250,1250,1250,1250,1275,1300,1295,1300,1295,1250,1250,1250,1250,1250,1250,1337.5,1325,1325,1300,1350,1325,1300,1300,1275,1297,1300,1300,1300,1350,1337.5,1350,1350,1350,1300,1375,1375,1375,1400,1350,1337.5,1395,1400,1395,1400,1395,1350,1350,1467.5,1495,1495
"Woodward Park","Fresno","CA","Fresno","Fresno",57,,,,,,,,,,,,,,,,,,,,,,,,,,,,,1572.5,1500,1425,1425,1475,1400,1437.5,1450,1450,1462.5,1500,1495,1495,1495,1450,1500,1500,1495,1450,1495,1450,1400,1400,1472.5,1500,1495,1495,1500,1500,1495,1472.5,1475,1497.5,1500,1500,1500,1500,1585,1570,1557.5,1595,1595,1600,1572.5,1549.5,1500,1595,1500,1600,1600,1565,1550,1495,1500,1595,1650,1695,1660
"Central Colorado Springs","Colorado Springs","CO","Colorado Springs","El Paso",58,,,,,,,,,,,,,,,,,,,,,,,,,,,,,,,,,,,,,,,1095,1045,1095,1095,1025,1072.5,1100,1095,995,1000,1000,1000,1000,1025,1000,1100,1100,1075,1150,1150,1150,1150,1195,1150,1195,1150,1150,1125,1150,1175,1195,1195,1195,1095,1100,1125,1150,1195,1200,1200,1247.5,1295,1247.5,1245,1250,1200,1200,1300
"Gramercy","New York","NY","New York","New York",59,,,,,,,,,,,,,,2875,2855,2815,2995,2900,3062.5,3025,3100,3400,3375,3362.5,3250,3095,3200,3250,3295,3325,3297.5,3325,3393.5,3422,3392.5,3350,3395,3395,3450,3530,3353,3353,3295,3295,3295.5,3351.5,3400,3380,3296,3295,3295.5,3380,3400,3400,3400,3380,3311.5,3347,3309.5,3353,3348.5,3400,3405,3450,3450,3450,3400,3351.5,3350,3351.5,3400,3400,3400,3427.5,3405,3400,3400,3427.5,3400,3405,3400,3400,3390,3405,3395,3400
"Rogers Park","Chicago","IL","Chicago","Cook",60,,,,,,,,,,,,,,,,,,,,,,,,,,,,,,,,,,,,,,,,,,,,,,,,,,,,,,,,,,,,,,,,,,,,,,,,,980,850,850,850,850,850,862.5,850,850,850,850,875,862.5,875
"Fresno High Roeding","Fresno","CA","Fresno","Fresno",61,,,,,,,,,,,,,,,,,,,,,,,,,,,,850,800,795,800,850,892.5,837.5,795,895,932.5,950,950,937.5,937.5,800,875,900,977.5,975,995,995,975,900,895,800,895,925,900,912.5,895,850,850,895,895,925,895,850,895,862.5,912.5,950,1035,1050,995,925,925,900,975,995,1000,950,895,995,975,950,950,1050,997.5,1025
"Raleigh","Memphis","TN","Memphis","Shelby",62,,,,,,,,,,,,,,,,,,,,,,,,,,,,,850,800,800,750,850,750,850,822.5,837.5,800,795,795,795,825,825,825,800,847.5,825,850,825,825,850,850,850,850,820,800,800,825,850,825,800,810,805,825,825,825,800,795,795,795,795,800,850,850,850,837.5,850,895,850,875,862.5,895,895,875,850,837.5
"Northeast Raleigh","Raleigh","NC","Raleigh","Wake",63,,,,,,,,1000,995,995,975,975,996.5,1095,1050,1050,1095,995,995,1050,1025,995,1050,1095,1050,1050,1050,1050,1000,1075,1095,1050,1095,1100,1095,1025,999,1025,1100,1195,1195,1195,1200,1200,1200,1175,1150,1100,1100,1100,1100,1150,1165,1165,1199.5,1225,1222.5,1187.5,1195,1215,1225,1250,1250,1220,1200,1200,1250,1250,1200,1200,1200,1225,1250,1257,1250,1250,1280,1275,1250,1295,1295,1262.5,1250,1295,1299.5,1295
"Centennial Hills","Las Vegas","NV","Las Vegas","Clark",64,,,,,,,,,,,,1250,1250,1200,1212.5,1212.5,1250,1250,1200,1245,1199,1185,1195,1150,1195,1150,1150,1150,1195,1195,1190,1150,1145,1100,1100,1100,1100,1100,1100,1150,1150,1195,1200,1195,1195,1150,1150,1195,1182.5,1175,1165,1195,1175,1195,1200,1200,1200,1195,1195,1197,1200,1249.5,1250,1240,1237.5,1200,1220,1250,1250,1225,1250,1230,1277.5,1250,1250,1282.5,1250,1250,1250,1250,1250,1275,1200,1250,1295,1299.5
"Lone Mountain","Las Vegas","NV","Las Vegas","Clark",65,,,,,,,,,,,,1150,1197.5,1200,1322.5,1195,1195,1195,1200,1195,1150,1150,1100,1150,1145,1118,1150,1150,1177.5,1167.5,1150,1100,1100,1099.5,1100,1100,1115,1150,1150,1175,1195,1195,1150,1150,1150,1195,1199,1195,1190,1162.5,1175,1200,1200,1200,1245,1250,1250,1200,1250,1200,1235,1250,1250,1250,1200,1250,1250,1250,1250,1250,1242.5,1250,1250,1300,1295,1297.5,1250,1295,1265,1250,1295,1300,1250,1295,1302,1345
"Casas Adobes","Tucson","AZ","Tucson","Pima",66,,,,,,,,,,,,,,,1100,1097.5,1095,1075,1075,1095,1100,1122,1095,1100,1100,1147.5,1145,1192.5,1195,1195,1100,1150,1100,1125,1200,1200,1175,1150,1175,1197.5,1172.5,1175,1162.5,1100,1097.5,1100,1100,1150,1150,1100,1100,1150,1195,1200,1195,1150,1150,1100,1175,1150,1100,1100,1150,1150,1175,1195,1195,1162.5,1175,1150,1150,1192.5,1150,1130,1150,1175,1195,1195,1195,1195,1200,1195,1195,1195,1200,1250
"Summerlin North","Las Vegas","NV","Las Vegas","Clark",67,,,,,,,,,,,,1385,1475,1595,1500,1495,1500,1495,1525,1450,1467.5,1425,1495,1400,1395,1400,1375,1450,1495,1450,1450,1400,1350,1395,1390,1390,1395,1400,1450,1450,1450,1425,1495,1450,1412.5,1425,1450,1450,1400,1400,1400,1595,1495,1450,1495,1520,1500,1525,1535,1550,1595,1595,1600,1550,1595,1600,1595,1545,1590,1595,1595,1595,1600,1575,1600,1650,1695,1595,1595,1650,1547.5,1595,1600,1600,1695,1700
"Gresham","Chicago","IL","Chicago","Cook",68,,,,,,,,,,,,,,,,,,,,,,,,,,,,,,,,,,,,,,,,,,,,,,,,,,,,,,,,,,,,,,,,,,1100,1100,1150,1250,1225,1172.5,1150,1250,1250,1275,1225,1250,1150,1100,1150,1125,1250,1150,1200,1200,1200
"Rancho Penasquitos","San Diego","CA","San Diego","San Diego",69,,,,,,,,,,,,,,,,,,,,,,,,,,,,,,,,,,,,,,,,,,,2750,2500,2525,2500,2450,2500,2395,2395,2447.5,2772.5,2875,2774,2685,2672.5,2595,2625,2625,2700,2921.5,2950,2849,2900,2995,2975,2795,2895,2900,2872.5,2824,2848,2848,2824,2950,3000,2848,3000,2925,2824,2700,2875,2855,3000,2950,3195
"Woodlake - Briarmeadow","Houston","TX","Houston","Harris",70,,,,,,,,,,,,,,,,,,,,,,,,,,,,,,,,,,900,1000,875,899,898,1000,990,875,845,802.5,830,820,852.5,800,815,835,850,900,875,875,875,880,875,860,875,867.5,855,860,875,885,905,950,932,924,898,899,950,932,924,900,875,875,860,857.5,850,877.5,867.5,875,867.5,847.5,891.5,932,950
"Michael Way","Las Vegas","NV","Las Vegas","Clark",71,,,,,,,,,,,,,,,,995,1000,995,999,995,995,980,950,950,950,950,995,1007.5,999,975,950,950,950,950,975,995,989,995,1000,1000,995,995,1015,995,950,985,950,985,995,995,995,997.5,995,995,1000,1000,1095,1025,1000,1045,1075,1050,1050,1075,1095,1150,1085,1080,1095,1062.5,1095,1037.5,1037.5,1097.5,1147.5,1195,1137.5,1049,1150,1150,1100,1072.5,1100,1097.5,1125,1100
"Chelsea","New York","NY","New York","New York",72,,,,,,,,,,,,,,,3150,3200,3195,3300,3495,3500,3500,3645,3635,3635,3595,3492.5,3437.5,3497.5,3500,3670,3500,3500,3537.5,3500,3400,3495,3550.5,3551,3600,3695,3637.5,3695,3597.5,3697.5,3672.5,3800,3537.5,3537.5,3692.5,3395,3395,3600,3800,4000,3800,3647.5,3600,3535,3535,3475,3600,3787.5,3710,3725,3947.5,3872.5,3725,3872.5,3897.5,3850,3600,3850,3695,3550,3710,3455,3850,3475,3725,3400,3465,3787.5,3647.5,3872.5,3872.5,3710
"Lake View","Chicago","IL","Chicago","Cook",73,,,,,,,,,,,,,,,,,,,,,,,,,,,,,,,,,,,,,,,,,,,,1972.5,1900,2000,1900,1900,1900,1900,1995,2272.5,2200,2149.5,2050,2272.5,2199.5,2250,2199,1997.5,1950,1900,2000,1947.5,2200,2025,2147.5,2250,2050,1900,1900,2000,1972.5,2000,1947.5,1997.5,2100,1900,2175,1995,2000,1895,1997.5,1995,1997.5,2025
"Englewood","Chicago","IL","Chicago","Cook",74,,,,,,,,,,,,,,,,,,,,,,,,,,,,,,,,,,,,,,,,,,,,,,,,,,,,,,,,,,,,,,,,,,,,1200,1200,1200,1200,1200,1190,1170,1200,1150,1150,1100,1200,1100,1225,1200,1200,1200,1185,1200
"Woodland Hills","Los Angeles","CA","Los Angeles-Long Beach-Anaheim","Los Angeles",75,,,,,,,,,,,,,,,,,,,,,,,,,,,,,,,,,,,,,,,,,,,,,,,,,,,3195,3397.5,3600,3600,3599.5,3450,3495,3395,3495,3490,3500,3599,3350,3500,3500,3497.5,3500,3500,3550,3599.5,3700,3750,3950,3850,3700,3800,3900,3800,3700,3700,3695,3600,3599,3547.5,3700,3725
"Southwest","Arlington","TX","Dallas-Fort Worth","Tarrant",76,,,,,,,,,,,,,,,,,,,,,,,,,,,,,1497.5,1400,1295,1295,1272.5,1300,1300,1300,1297.5,1297.5,1347.5,1395,1300,1350,1325,1347,1300,1295,1300,1297.5,1292.5,1275,1295,1395,1450,1375,1362.5,1397.5,1395,1395,1400,1385,1445,1497.5,1472.5,1550,1400,1459,1550,1454.5,1437.5,1395,1425,1470,1472.5,1500,1625,1507.5,1395,1622.5,1487.5,1495,1490,1637.5,1597.5,1495,1495,1550
"Greenwich Village","New York","NY","New York","New York",77,,,,,,,,,,,,,,,,,,,,,,,,,3750,3785,3795,3900,3750,3600,3600,3700,3600,3695,3595,3695,3795,3600,3500,3750,3697.5,3400,3385,3385,3200,3397.5,3500,3400,3500,3500,3492.5,3700,4000,3400,3395,3200,3297.5,3297.5,3200,3400,4000,4000,3349,3200,3395,3200,3397.5,3490,3400,3397.5,3400,3700,4000,4000,3545,3400,3397.5,3200,3200,3750,3490,3397.5,3200,3650,3650,3700
"Briargate","Colorado Springs","CO","Colorado Springs","El Paso",78,,,,,,,,,,,,,,,1595,1450,1500,1495,1450,1500,1495,1395,1375,1295,1350,1372.5,1395,1495,1395,1450,1400,1450,1450,1500,1595,1575,1560,1585,1500,1525,1450,1500,1450,1495,1495,1450,1495,1500,1495,1497.5,1500,1595,1695,1595,1695,1650,1512.5,1597.5,1500,1500,1525,1500,1725,1795,1750,1650,1637.5,1775,1697.5,1650,1600,1750,1650,1650,1725,1700,1695,1700,1650,1692.5,1700,1650,1745,1775,1800,1785
"Salem","Virginia Beach","VA","Virginia Beach","Virginia Beach City",79,,,,,,,,,,,,1500,1500,1400,1450,1695,1625,1500,1495,1485,1500,1470,1372.5,1400,1450,1475,1450,1500,1550,1595,1500,1462.5,1462.5,1495,1500,1495,1400,1400,1450,1550,1595,1497.5,1550,1550,1572.5,1400,1550,1595,1595,1595,1595,1697.5,1695,1675,1695,1650,1675,1650,1675,1625,1550,1600,1650,1612.5,1600,1600,1600,1595,1600,1650,1600,1600,1650,1600,1600,1695,1745,1675,1750,1700,1600,1675,1599.5,1595,1637.5,1612.5
"Carmel Valley","San Diego","CA","San Diego","San Diego",80,,,,,,,,,,,,,,,,,,,,,,,,,,,,,,,,,,,,,,,,,,,,,,,,,,,3600,4200,4100,4200,4200,3992.5,3850,3990,4250,3997.5,3995,3925,4100,4200,4200,3959,3981.5,3950,3995,4175,3995,4275,4250,4262.5,4250,4200,4300,3950,4100,4172.5,4059,4100,4300,4150,4495,4500
"Oak Forest - Garden Oaks","Houston","TX","Houston","Harris",81,,,,,,,,,,,,,,,,,,,,,,,,,,,,,,,,,,,,,,,,,,,,,,,,,,,,,,,,,,,,1800,1795,1772.5,1750,1797.5,1785,1825,1800,1797.5,1700,1700,1775,1800,1795,1750,1750,1850,1850,1900,1800,1925,1800,1700,1800,1772.5,1695,1699
"Parkway Village-Oakhaven","Memphis","TN","Memphis","Shelby",82,,,,,,,,,,,,,,,,,,,,,,,,,,,,,,,,,,,,,,,,,,,825,825,800,825,825,850,850,850,850,825,825,825,800,825,825,825,847.5,825,800,800,799,825,825,825,825,795,795,800,795,825,825,825,850,850,850,850,825,825,795,850,825,850,825,825
"Bay Area","Corpus Christi","TX","Corpus Christi","Nueces",83,,,,,,,,,,,,,,,,,,,,,,,,,,,,,,,,,,,,,,,,,,,,,1272.5,1200,1237.5,1347.5,1295,1395,1397.5,1399,1400,1450,1399,1400,1299,1397.5,1395,1400,1397.5,1475,1400,1437.5,1500,1350,1462.5,1325,1300,1300,1297.5,1300,1300,1350,1300,1300,1525,1485,1425,1450,1312.5,1295,1350,1372.5,1395,1395
"Coral Way","Miami","FL","Miami-Fort Lauderdale","Miami-Dade",84,,,,,,,,,,,,,,,,,,,,,,,,,,,,,2247.5,2195,2000,2100,2200,2250,2200,2200,2200,2250,2500,2500,2400,2400,2400,2400,2312.5,2350,2350,2365,2380,2380,2400,2475,2625,2600,2450,2500,2512.5,2500,2400,2400,2550,2500,2350,2512.5,2800,2600,2650,2700,2445,2250,2450,2525,2700,2625,2500,2500,2550,2500,2650,2325,2400,2550,2390,2500,2500,2550
"Greater Heights","Houston","TX","Houston","Harris",85,,,,,,,,,,,,,1600,1625,1750,1850,2100,1995,1900,1600,1600,1600,1600,1700,1700,1800,1847.5,1800,1895,2000,2000,1900,1840,1850,1840,1900,1922.5,1947.5,1800,1895,1997.5,2100,2250,2200,2125,2200,2200,2100,2200,2300,2300,2500,2500,2400,2400,2300,2150,2050,2400,2400,2475,2500,2600,2500,2447.5,2295,2400,2400,2350,2300,2400,2400,2350,2350,2295,2400,2500,2495,2200,2375,2250,2185,2500,2300,2200,2100
"Desert View","Phoenix","AZ","Phoenix","Maricopa",86,,,,,,,,,,2300,2162.5,1872.5,1800,1800,1900,1950,1962.5,1900,1900,1895,1895,1795,1795,1800,1795,1800,1750,1800,1795,1772.5,1850,1850,1750,1795,1800,1900,1862.5,1850,1825,1800,1800,1820,1850,1800,1800,1795,1840,1800,1800,1825,1800,1850,1825,1900,1895,1875,1895,1895,1850,1862.5,1950,1987.5,1995,1950,1972.5,1895,1950,1995,1995,1995,1995,1950,1862.5,2000,1997.5,1950,1875,1995,1972.5,1875,1850,1999.5,1897.5,2047.5,1995,2000
"South End","Tacoma","WA","Seattle","Pierce",87,,,,,,,,,,,,,,,,,,,,,1125,1097.5,1150,1195,1162.5,1150,1125,1150,1100,1137.5,1150,1150,1150,1172.5,1000,995,995,1092.5,1195,1225,1200,1197.5,1195,1195,1200,1200,1197.5,1195,1200,1197.5,1195,1195,1195,1195,1195,1195,1200,1200,1200,1195,1200,1250,1200,1239.5,1270.5,1250,1285,1295,1295,1250,1250,1285,1275,1250,1275,1250,1295,1297.5,1285,1250,1263,1200,1225,1275,1297.5,1337.5
"South Shore","Chicago","IL","Chicago","Cook",88,,,,,,,,,,,,,,,,,,950,875,945,935,912.5,950,850,847,800,850,800,800,800,795,750,745,725,750,750,750,750,760,792.5,780,795,887.5,900,855,800,810,775,770,785,800,800,790,800,875,830,900,937.5,1000,1075,1000,975,950,925,850,980,915,1000,1100,1150,1027.5,1000,1000,1050,1037.5,950,1050,1075,1135,1135,980,1050,950,1100,1100,1050
"Brighton","Boston","MA","Boston","Suffolk",89,,,,,,,,,,,,,,,,,,,,,,,2400,2400,2450,2472.5,2400,2400,2400,2675,2325,2350,2100,2188,2074,2167.5,2300,2200,2250,2400,2800,2700,2775,2700,2775,2750,2800,2800,2800,2950,2950,3000,3100,2950,2800,2800,2800,2800,2800,2950,3000,2950,3000,3000,2950,2950,2950,2800,2600,2700,2700,2800,2900,2900,2800,2850,2970,2800,2900,2800,2800,2800,2700,2800,2995,3200
"Gulfton","Houston","TX","Houston","Harris",90,,,,,,,,,,,,,,,,,,,,,,,,,,,,,,,,,,,,,,,,,,,,697.5,697.5,695,695,695,697.5,700,700,700,700,700,700,700,700,700,700,700,702.5,700,709.5,700,700,700,705,714,709.5,705,700,700,705,705,700,700,700,700,700,700,700,700,700,700,700,700
"Corona Valley","Eastvale","CA","Riverside","Riverside",91,,,,,,,,,,,,,,2450,2400,2395,2400,2400,2400,2350,2350,2350,2300,2400,2395,2400,2400,2350,2350,2375,2350,2390,2387.5,2400,2395,2350,2400,2325,2300,2350,2350,2350,2350,2360,2377.5,2325,2300,2350,2380,2350,2375,2380,2400,2400,2400,2397.5,2350,2350,2400,2400,2400,2465,2450,2500,2500,2497.5,2500,2450,2450,2500,2500,2500,2450,2495,2500,2500,2550,2500,2500,2465,2500,2500,2600,2500,2550,2645
"Green Valley North","Henderson","NV","Las Vegas","Clark",92,,,,,,,,,,,,,,,,,,,,,,,,1250,1250,1250,1285,1300,1300,1295,1295,1250,1250,1300,1300,1350,1325,1375,1350,1350,1350,1352.5,1375,1350,1400,1397.5,1400,1350,1345,1350,1340,1350,1400,1400,1400,1380,1380,1400,1400,1400,1395,1395,1425,1395,1392.5,1450,1495,1495,1400,1450,1395,1400,1450,1450,1500,1587.5,1495,1359,1495,1495,1422.5,1495,1395,1485,1495,1495
"Powers","Colorado Springs","CO","Colorado Springs","El Paso",93,,,,,,,,,,,,,1250,1250,1300,1350,1295,1250,1262.5,1295,1250,1295,1250,1262.5,1200,1300,1300,1375,1325,1350,1350,1295,1295,1290,1282.5,1275,1250,1312.5,1395,1385,1340,1295,1300,1300,1350,1300,1300,1325,1300,1300,1325,1362.5,1412.5,1395,1350,1395,1385,1350,1350,1395,1395,1395,1395,1400,1400,1400,1412.5,1495,1435,1400,1395,1400,1425,1500,1450,1450,1445,1475,1495,1450,1450,1450,1400,1535,1550,1560
"North Cheyenne","Las Vegas","NV","Las Vegas","Clark",94,,,,,,,,,,,,,,,,1100,1100,1185,1195,1195,1100,1050,1095,1100,1100,1097.5,1095,1100,1095,1095,1095,1100,1147.5,1097,1150,1150,1100,1135,1100,1100,1125,1175,1165,1150,1100,1095,1100,1100,1100,1100,1100,1135,1150,1150,1150,1150,1195,1195,1200,1175,1195,1170,1200,1200,1200,1200,1195,1200,1200,1237.5,1225,1250,1247.5,1225,1195,1200,1209,1225,1212.5,1247.5,1227,1212.5,1239,1295,1350,1295
"South Loop","Chicago","IL","Chicago","Cook",95,,,,,,,,,,,,1900,1694.5,1900,1846,1888,1850,1918,1850,1839,1719.5,1691,1797,1795,1800,1849,1875,1960,1993,1964,1945.5,1895,1891,1875,1891,1878,1876.5,1895,1911,1930,1909.5,1919,1899,1899,1892,1892,1892,1908,1914,1937,1982,1924,1911,1914,1914,1950,1919,1950,1950,1899.5,1900,1919,1911,1904,1904,1919,1924,1914,1899,1911,1914,1919,1900,1900,1914,1900,1899.5,1911,1904,1914,1899.5,1911,1899.5,1904,1899.5,1899
"Shelby Forest-Frayser","Memphis","TN","Memphis","Shelby",96,,,,,,,,,,,,,,,,,,,,,,,,,,,,,,650,650,625,637.5,650,650,650,655,675,695,695,675,675,675,675,650,650,650,650,675,675,675,675,675,695,675,675,675,675,675,650,650,650,650,650,650,650,650,650,650,650,650,650,650,650,675,675,675,650,675,650,650,650,650,662.5,650,675
"Whitney","Las Vegas","NV","Las Vegas","Clark",97,,,,,,,,,,,,,,,1097.5,1095,1100,1100,1075,1050,1050,1000,995,999,995,1000,995,999.5,1000,995,995,995,1000,1000,995,995,1000,1050,1037.5,1000,1000,1025,1050,1045,995,1035,1049,1050,1049,1050,1047,1050,1050,1095,1085,1050,1050,1050,1050,1050,1075,1100,1100,1100,1100,1125,1100,1100,1100,1050,1025,1064.5,1095,1137.5,1100,1150,1150,1150,1107.5,1150,1150,1150,1095,1150,1150,1175
"West Hills","Los Angeles","CA","Los Angeles-Long Beach-Anaheim","Los Angeles",98,,,,,,,,,,,,,,,,2495,2450,2425,2595,2500,2497.5,2600,2500,2397.5,2400,2422.5,2472.5,2525,2650,2650,2500,2475,2472.5,2447.5,2495,2600,2600,2600,2650,2600,2597.5,2600,2600,2595,2565,2597.5,2650,2695,2650,2672.5,2700,2700,2795,2795,2700,2700,2690,2650,2700,2795,2772.5,2750,2650,2700,2795,2772.5,2795,2770,2795,2795,2795,2895,2987.5,2950,2825,2925,2850,2885,2700,2850,2797.5,2750,2700,2850,2898,2875
"Venice","Los Angeles","CA","Los Angeles-Long Beach-Anaheim","Los Angeles",99,,,,,,,,,,,,,,,,,,,,,,,,,,,,,,,,,,,,,,,,,,,,,,,,,,,,,,,,,,,,,6450,6397.5,6000,6200,6000,6200,5997.5,6000,6000,5497.5,5695,6250,6800,6900,7480,7500,6910,6500,6300,6700,5845,6185,5975,5987.5,6500,6500
"Laveen","Phoenix","AZ","Phoenix","Maricopa",100,,,,,,,,1100,1100,1150,1100,1075,1050,1075,1050,1075,1095,1075,1050,1050,1050,1049.5,1025,1000,1012.5,1000,1050,1095,1095,1050,1050,1075,1050,1050,1050,1050,1050,1050,1050,1050,1075,1070,1055.5,1075,1050,1095,1075,1075,1075,1075,1095,1095,1100,1100,1100,1150,1100,1100,1095,1095,1125,1150,1175,1150,1125,1167.5,1150,1125,1150,1150,1150,1175,1195,1175,1175,1195,1195,1172,1179,1195,1195,1192.5,1195,1195,1250,1250
"Summerlin South","Las Vegas","NV","Las Vegas","Clark",101,,,,,,,,,,,,1600,1795,1975,1675,1800,1800,1695,1695,1672.5,1750,1600,1600,1600,1550,1600,1597.5,1600,1650,1595,1522.5,1595,1500,1500,1500,1595,1525,1575,1600,1600,1695,1650,1695,1695,1625,1650,1650,1695,1725,1695,1650,1600,1600,1700,1650,1695,1682,1745,1745,1699.5,1600,1700,1797,1850,1895,1837.5,1797.5,1800,1772.5,1795,1800,1850,1822.5,1872.5,1850,1800,1900,1795,1750,1850,1925,1895,1850,1850,1900,1900
"Berclair-Highland Heights","Memphis","TN","Memphis","Shelby",102,,,,,,,,,,,,,,,,,,,,,,,,,,,,,,,,,,,720,720,695,675,675,675,675,650,675,700,700,667.5,675,685,695,675,675,675,697.5,650,650,675,680,650,650,675,675,650,650,675,650,650,650,675,650,650,650,650,650,672.5,695,750,685,675,650,650,712.5,675,630,675,675,675
"Hollywood Hills","Los Angeles","CA","Los Angeles-Long Beach-Anaheim","Los Angeles",103,,,,,,,,,,,,,,,,,,,,,,,,,,,,,,,,,,,,,,,,,,,,,,,,,,,,,8000,8475,8675,9500,8500,8999,8999,8972.5,9875,10000,10250,10950,10000,9000,10000,10000,9972.5,10000,9500,10000,10000,10700,10500,11245,9500,8925,8500,8900,10000,10975,10000,8500,9500,9995
"Southeast Boise","Boise","ID","Boise City","Ada",104,,,,,,,,,,,,,,,,,,,,,,,,,,,,,,,,,,,,,,,,,,,,,,,,,,,,,,,,1122.5,1100,1050,1100,1125,1150,1097.5,1150,1195,1195,1125,1150,1100,1200,1170,1049.5,1050,1100,1195,1285,1200,1250,1262.5,1160,1200,1200,1150,1150,1167.5,1250,1287.5
"Downtown","Jersey City","NJ","New York","Hudson",105,,,,,,,,,,,,,,,,,,,,,,,,,,,,,,,,,,,,,,,,,,,,,,,,,,,,,,,,,,,,,,,,,,,,,,,,,,2012.5,2000,1990,2150,2000,1980,2100,1995,1980,2037.5,2075,2000,2075
"Clinton","New York","NY","New York","New York",106,,,,,,,,,,,,,,,,,,,,,,,,,,3160,3200,3200,3200,3350,3337.5,3442.5,3600,3500,3475,3395,3200,3140,3322.5,3350,3425,3300,3450,3450,3450,3357.5,3245,3180,3245,3315,3315,3390,3417.5,3595,3330,3392.5,3650,3392.5,3390,3325,3392.5,3392.5,3395,3595,3392.5,3447.5,3497.5,3598,3596,3595.5,3595,3595,3595,3347.5,3395,3392.5,3495,3347.5,3595.5,3595,3495,3595.5,3595.5,3495,3596,3495
"Neartown - Montrose","Houston","TX","Houston","Harris",107,,,,,,,,,,,,,,,,,,,,,,,,,,,,,,,,,,,,,,,,,,,,,,,,,,,,,,,2772.5,2500,2500,2500,2500,2600,2795,2500,2700,3000,2950,2887.5,2875,2850,2800,2850,2700,2690,2500,2500,2500,2400,2800,2500,2700,2747.5,2500,2272.5,2400,2825,2600,2700
"The Lakes","Las Vegas","NV","Las Vegas","Clark",108,,,,,,,,,,,,,,,,1450,1425,1500,1500,1450,1500,1525,1600,1525,1498,1437.5,1400,1525,1400,1495,1487.5,1500,1400,1400,1397.5,1395,1395,1399.5,1400,1495,1399.5,1495,1499.5,1500,1499,1442.5,1497,1525,1500,1495,1500,1695,1700,1695,1522.5,1500,1450,1425,1425,1442,1575,1599,1562.5,1672.5,1687.5,1750,1732.5,1600,1500,1499.5,1495,1600,1625,1600,1595,1700,1862.5,1600,1700,1625,1547.5,1600,1595,1600,1695,1665
"Financial District","New York","NY","New York","New York",109,,,,,,,,,,,,,,,,,,,,,,,,,,3250,3250,3250,3297.5,3250,3250,3380,3395,3403.5,3322.5,3250,3250,3285,3372,3495,3490,3500,3550,3530,3515,3500,3495,3500,3500,3500,3495,3495,3495,3495,3495,3495,3495,3495,3495,3497.5,3497.5,3497.5,3495,3495,3495,3495,3495,3490,3500,3500,3500,3497.5,3497.5,3495,3495,3495,3500,3495,3495,3497.5,3495,3495,3495,3497.5,3495,3495
"Flatiron District","New York","NY","New York","New York",110,,,,,,,,,,,,,,,,,,,,,,,4200,3850,3595,3650,3500,3700,3795,3600,3600,3590,3620,3610,3592.5,3510,3520,3535,3500,3475,3696.5,3906,4158,4005,3910.5,3815,3750,3782.5,3815,3729,3595,3750,3832.5,3370,3815,3805,3910.5,3910.5,3888,3915,3915,3915,3906,3960,3915,3915,3910.5,3906,3750,3910.5,3910.5,4087.5,4158,4005,3910.5,4055,4005,3960,4005,3906,3910.5,3960,3910.5,3906,3915,3910.5
"North Austin","Austin","TX","Austin","Travis",111,,,,,,,,,,,,,,,,,,,,,,,,,,,,,,,,,,,,,740,705,730,730,745,760,808.5,800,799,805,822,808.5,800,823.5,865.5,812,799.5,799.5,799.5,782.5,782.5,799,800,782.5,802.5,766,760,760,799,805,749.5,799.5,782.5,754,782.5,754,742.5,766,799.5,782.5,782.5,799.5,742.5,760,766,802.5,740,754,760,817
"Westchase","Houston","TX","Houston","Harris",112,,,,,,,,,,,,,,,,,,,,,,,,,,,,,,,,,,,,,,,,,,,,730,735,737.5,730,730,735,735,755,757.5,755,755,755,755,745,745,745,755,745,745,757.5,765,769,755,762.5,757.5,765,779,767,772.5,765,757.5,745,750,750,745,745,742.5,735,742.5,755,762.5,767,772.5
"Paradise Hills","Albuquerque","NM","Albuquerque","Bernalillo",113,,,,,,,,,,,,,,,,,,,,,,,,,,,1250,1250,1212.5,1200,1200,1200,1195,1195,1150,1200,1150,1210,1298,1295,1250,1200,1200,1200,1200,1200,1200,1199,1199,1195,1195,1225,1200,1195,1200,1250,1200,1195,1195,1200,1195,1250,1250,1200,1200,1250,1275,1295,1250,1275,1295,1297.5,1295,1262.5,1250,1350,1295,1325,1250,1250,1295,1275,1255,1245,1275,1275
"Washington Avenue Coalition - Memorial Park","Houston","TX","Houston","Harris",114,,,,,,,,,,,,,,,,,,,,,,,,,,,,,,,,,,,,,,,,,,,,,,,,,,,,,,,2900,2825,2850,2800,2800,2800,2800,2800,2800,2900,2900,2975,2900,2899,2700,2750,2762.5,2700,2700,2797.5,2850,2700,2750,2600,2700,2772.5,2600,2522.5,2500,2600,2650,2600
"Las Tierras","El Paso","TX","El Paso","El Paso",115,,,,,,,,,,,,,,,,,,,,,,,,,,1287.5,1262.5,1195,1250,1250,1195,1175,1100,1150,1100,1100,1100,1100,1100,1100,1195,1200,1195,1200,1150,1100,1195,1100,1100,1100,1100,1175,1175,1175,1185,1150,1100,1095,1100,1112.5,1150,1150,1100,1100,1150,1185,1150,1100,1100,1100,1100,1100,1100,1100,1100,1075,1149,1100,1100,1085,1025,1100,1100,1095,1100,1100
"Green Valley South","Henderson","NV","Las Vegas","Clark",116,,,,,,,,,,,,,,,,,,,,,,,,1450,1400,1375,1350,1337.5,1350,1300,1299.5,1295,1300,1350,1395,1412.5,1350,1250,1250,1295,1272.5,1362.5,1350,1350,1297.5,1395,1450,1399.5,1362.5,1375,1350,1350,1300,1350,1395,1395,1400,1385,1400,1400,1450,1495,1500,1500,1495,1587.5,1600,1525,1400,1400,1495,1572.5,1495,1550,1425,1450,1545,1375,1495,1362.5,1395,1375,1495,1295,1480,1550
"Anthem","Henderson","NV","Las Vegas","Clark",117,,,,,,,,,,,,1395,1400,1337.5,1350,1437.5,1475,1425,1450,1429.5,1397.5,1400,1500,1500,1495,1495,1500,1422.5,1450,1562.5,1562.5,1550,1595,1500,1495,1595,1595,1575,1512.5,1495,1492.5,1500,1492.5,1475,1550,1475,1397.5,1395,1450,1425,1450,1495,1574.5,1724.5,1600,1525,1600,1700,1700,1750,1737,1700,1800,1850,1750,1650,1700,1750,1795,1700,1697,1695,1757.5,1695,1695,1672.5,1795,1695,1725,1750,1650,1572.5,1710,1625,1800,1895
"Northwood","Irvine","CA","Los Angeles-Long Beach-Anaheim","Orange",118,,,,,,,,,,,,,,,,,,,,,,,,,2700,2975,2950,2800,2800,2700,2700,2597.5,2525,2450,2680,2900,2700,2772.5,2850,2950,2850,2850,2895,2800,2750,2750,2695,2750,2825,2850,2890,2825,2900,3025,3050,2900,3100,3200,3250,2900,3050,3075,3100,3200,3050,3050,3125,3100,3200,3000,2975,2950,3000,3050,2995,3175,3050,2950,2900,2900,3100,3000,3000,3000,3325,3350
"Back Bay","Boston","MA","Boston","Suffolk",119,,,,,,,,,,,,,,,,,,,,,,,,,,,,,,,,,,,,,,,,,,,,,,,,,,,,,,,,,,,,,,,,3500,3200,3250,3700,3775,3812.5,3975,3950,3950,3950,3700,3600,3850,3905,3500,3500,3850,3999,3905,3974.5,3880,3999,3860
"Near North","Chicago","IL","Chicago","Cook",120,,,,,,,,,,,,,,1575,1595,1650,1680,1782.5,1722.5,1720.5,1700,1699,1700,1750,1751,1770,1770,1895,1827,1852.5,1842.5,1713.5,1680,1650,1750,1760,1830,1804.5,1892.5,1908,2045,1763,1752,1756,1752,1752,1748,1744,1725,1746,1746,1744,1744,1748,1752,1750,1748,1748,1746,1752,1752,1746,1702.5,1748,1724,1722,1720,1722,1724,1734,1744,1750,1752,1746,1724,1722,1724,1722,1734,1720,1734,1734,1744,1739.5,1720,1720
"Meadow Woods","Orlando","FL","Orlando","Orange",121,,,,,,,,,,,,,,1100,1135,1135,1200,1200,1200,1200,1200,1200,1250,1225,1250,1295,1275,1250,1250,1295,1237.5,1325,1300,1300,1300,1250,1250,1300,1350,1375,1375,1385,1300,1350,1395,1395,1375,1350,1350,1350,1350,1400,1400,1400,1395,1350,1395,1395,1400,1400,1400,1417.5,1400,1375,1450,1450,1425,1462.5,1462.5,1492.5,1425,1462.5,1500,1450,1437.5,1475,1462.5,1400,1400,1495,1425,1462.5,1449,1550,1595,1550
"Meyerland Area","Houston","TX","Houston","Harris",122,,,,,,,,,,,,,,,,,,,,,,,,,,,,,,,,,,,,,,,,,,,,,,,,,,,,,,,,,,,,,,2297.5,2295,2287.5,2350,2437.5,2450,2100,2000,2000,2050,2125,2250,2100,2100,2075,2175,2175,2200,1990,1997.5,2000,1875,2000,2200,2200
"Columbus Circle","New York","NY","New York","New York",123,,,,,,,,,,,,,,,,,,,,,,3795,3622.5,3595,3238,3175,3138,3150,3100,3150,3200,3390,3600,3774,3600,3366,3450,3396,3422.5,3460,3495,3379,3379,3379,3379,3293.5,3285,3302,3379,3302,3293.5,3389.5,3379,3379,3374.5,3379,3379,3379,3389.5,3389.5,3379,3379,3374.5,3374.5,3379,3379,3379,3379,3374.5,3374.5,3379,3374.5,3370,3370,3379,3374.5,3379,3379,3379,3379,3379,3389.5,3379,3379,3379,3379
"Tule Springs","Las Vegas","NV","Las Vegas","Clark",124,,,,,,,,,,,,,,,,,1450,1390,1295,1295,1345,1250,1295,1250,1195,1250,1250,1250,1250,1295,1295,1300,1297.5,1272.5,1250,1250,1250,1250,1250,1200,1200,1300,1300,1340,1320,1300,1345,1295,1295,1295,1250,1295,1300,1350,1350,1347.5,1347.5,1350,1350,1300,1325,1350,1350,1299,1395,1395,1375,1400,1395,1350,1399,1400,1325,1350,1272.5,1400,1372.5,1385,1325,1295,1350,1385,1272.5,1497,1475,1450
"Streeterville","Chicago","IL","Chicago","Cook",125,,,,,,,,,,,,,,1700,1666.5,1674,1750,1850,1815,1845.5,1879,1940.5,1900,1940.5,1900,1945,2185,2175,1947.5,1904,1902,1850,1698,1745,1805,1911.5,1873,1850,1950,1977.5,2027,1982.5,1982.5,2028,1980,1982.5,1965,1961,1957,1957,1953.5,1972.5,1957,1972.5,1972.5,1965,1980,1982.5,1980,1965,1980,1980,1980,1961,1957,1953.5,1957,1982.5,1982.5,1985,1980,2006,1985,1980,1980,1980,1980,1965,1957,1980,1965,1972.5,1980,1961,1965,1961
"South Reno","Reno","NV","Reno","Washoe",126,,,,,,,,,,,,,,,,,,,,,,,,,,,,1675,1590,1450,1500,1597.5,1572.5,1600,1550,1537.5,1500,1550,1485,1572.5,1600,1575,1550,1685,1622.5,1525,1500,1500,1500,1547.5,1550,1550,1550,1650,1599.5,1600,1600,1600,1650,1725,1747.5,1600,1650,1695,1695,1650,1700,1750,1685,1737.5,1750,1750,1750,1812.5,1797.5,1800,1777.5,1800,1895,1750,1762.5,1700,1750,1775,1850,1995
"Warrendale","Detroit","MI","Detroit","Wayne",127,,,,,,,,,,,,,,,,,,,,,650,650,650,650,675,650,675,675,650,650,650,650,650,675,700,695,700,700,700,700,700,700,700,700,700,700,700,725,700,700,700,750,750,740,700,725,700,700,725,725,725,750,750,750,750,750,750,750,750,737.5,712.5,700,725,750,750,750,700,735,725,712.5,700,725,712.5,742.5,750,750
"Midtown","New York","NY","New York","New York",128,,,,,,,,,,,,,,,,,,,,,3882.5,3750,3803,4000,3650,3595,3550,3300,3497.5,3500,3579,3600,3600,3662.5,3600,3605,3578,3600,3668,3597.5,3600,3597.5,3510,3557,3495,3495,3495,3519.5,3500,3557,3580,3544,3497.5,3495,3495,3495,3495,3519.5,3495,3519.5,3500,3544,3544,3557,3544,3544,3495,3495,3495,3495,3495,3495,3495,3495,3519.5,3495,3495,3544,3495,3544,3544,3519.5,3519.5,3544,3544,3557
"Vance Jackson","San Antonio","TX","San Antonio","Bexar",129,,,,,,,,,,,,,,,,,,,,,,,,,,,,,,,,,,,,799.5,799,799,817,812.5,800,819,822.5,825,825,817,815,817,815,825,850,819,815,812.5,819,812.5,820,819.5,817,800,815,825,822.5,820,819,799.5,800,805,805,805,812.5,819,822.5,812.5,810,805,815,805,800,799.5,799,812.5,800,825,825,820
"East Arlington","Jacksonville","FL","Jacksonville","Duval",130,,,,,,,,,,,,,,,,1300,1295,1295,1295,1250,1250,1195,1200,1200,1250,1297.5,1300,1300,1337.5,1350,1300,1300,1300,1300,1300,1275,1300,1300,1300,1350,1400,1400,1392.5,1450,1397.5,1495,1450,1450,1395,1397.5,1395,1450,1450,1485,1445,1445,1425,1425,1397.5,1395,1400,1395,1412.5,1450,1450,1462.5,1450,1420,1415,1396,1425,1450,1495,1490,1495,1560,1425,1475,1390,1450,1496,1495,1450,1500,1525,1590
"Hollywood Lakes","Hollywood","FL","Miami-Fort Lauderdale","Broward",131,,,,,,,,,,,,,,1999,2150,2200,2200,2100,2150,2200,2200,2275,2250,2250,2100,2225,2170,2000,2000,2000,2000,2100,2270,2200,2200,2250,2275,2300,2300,2300,2400,2400,2350,2300,2350,2350,2400,2400,2400,2400,2400,2400,2400,2425,2400,2400,2400,2400,2500,2475,2600,2500,2400,2395,2392.5,2300,2450,2472.5,2600,2600,2475,2500,2525,2675,2750,2550,2600,2400,2400,2425,2500,2400,2400,2437.5,2500,2500
"Kenmore","Boston","MA","Boston","Suffolk",132,,,,,,,,,,,,,,,,,,,,,,,,,,,,,,3585.5,3025,3232,3140,3325,3300,3300,3194,3025,3000,2966,3229,3280.5,3196,3200,3038,3204,3135,3078,3019,3000,3000,3192,3058,3058,3231,3192,3204,3078,3078,3000,2839,3038,3019,3204,3058,3038,3192,3204,3192,3231,3223.5,3058,3078,2927,3135,3058,2927,3200,3135,3135,3204,3135,3192,3192,3078,2794
"Gold Coast","Chicago","IL","Chicago","Cook",133,,,,,,,,,,,,,,,,,,,,,,,,,1657.5,1729,1600,1557.5,1645,1645,1845,1876,1665,1643,1636.5,1700,1694,1634,1649,1631.5,1647.5,1625,1625,1625,1625,1625,1625,1625,1625,1625,1626,1625,1625,1625,1625,1625,1625,1625,1625,1625,1625,1625,1625,1625,1625,1625,1625,1625,1625,1625,1626,1626,1626,1627,1625,1625,1625,1625,1625,1625,1625,1625,1625,1626,1625,1625
"Belair-Edison","Baltimore","MD","Baltimore","Baltimore City",134,,,,,,,,,,,,,,,,,,,,,,,,,,,,,,,,,,,,,,,,,,,,,,,,1200,1250,1300,1300,1300,1350,1300,1250,1200,1250,1250,1300,1250,1275,1200,1250,1300,1300,1300,1275,1300,1251,1250,1300,1251,1300,1300,1300,1225,1200,1200,1275,1280,1300,1300,1250,1250,1250,1275
"Green Valley Ranch","Henderson","NV","Las Vegas","Clark",135,,,,,,,,,,,,,,,,,,,,,,,,1495,1395,1425,1600,1600,1550,1497.5,1475,1600,1685,1695,1500,1500,1475,1500,1600,1612.5,1537.5,1775,1625,1600,1550,1500,1525,1562.5,1650,1600,1600,1595,1600,1585,1599,1600,1625,1625,1600,1600,1625,1695,1697.5,1697.5,1625,1695,1695,1695,1645,1635,1650,1690,1600,1745,1750,1625,1750,1650,1737.5,1595,1667.5,1600,1725,1570,1500,1650
"Tudor City","New York","NY","New York","New York",136,,,,,,,,,,,,,,,,,,,,,,,,,,,,,,,,,,,,,,,,,,,,3608,3616,3608,3500,3472.5,3450,3450,3472.5,3554,3345,3554,3608,3554,3554,3554,3554,3554,3608,3608,3608,3608,3608,3616,3616,3616,3616,3608,3608,3616,3616,3604,3604,3600,3604,3600,3616,3616,3604,3608,3600,3608,3604,3554
"Battery Park","New York","NY","New York","New York",137,,,,,,,,,,,,,,,,,,,,,,4150,4295,3995,3600,3512.5,3482.5,4000,4195,4700,4737.5,5000,4700,4650,4250,4395,4550,4775,4695,4480,4595,4445,4295,4225,4067.5,4200,4412.5,4412.5,4412.5,4250,4412.5,4412.5,4412.5,4250,4250,4250,4250,4250,4250,4250,4250,4250,4250,4250,4250,4250,4250,4250,4250,4250,4250,4250,4250,4250,4250,4250,4250,4250,4250,4250,4250,4250,4250,4250,4250,4250
"Pleasant Valley","Austin","TX","Austin","Travis",138,,,,,,,,,,,,,,,,,,,,,,,,,,,,,,,,,,,,,,,,,,,,595,595,595,595,595,595,595,595,592.5,592.5,590,589.5,595,595,595,592.5,592.5,592.5,592.5,595,592.5,592.5,595,595,595,595,590,592.5,590,590,590,590,589.5,595,589.5,589.5,589.5,590,595,589.5,595,595,595
"North Gateway","Phoenix","AZ","Phoenix","Maricopa",139,,,,,,,,,,,,,,,1600,1600,1625,1595,1550,1550,1650,1695,1590,1572.5,1500,1500,1525,1600,1599.5,1595,1550,1400,1495,1495,1500,1600,1650,1650,1597.5,1550,1562.5,1500,1450,1397.5,1412.5,1475,1495,1500,1500,1537.5,1600,1650,1747.5,1725,1695,1597.5,1600,1615,1650,1695,1695,1722.5,1797.5,1697.5,1675,1695,1650,1595,1525,1600,1650,1600,1625,1575,1650,1587.5,1550,1650,1725,1800,1650,1712.5,1622.5,1750,1875,1750
"Buckroe","Hampton","VA","Virginia Beach","Hampton City",140,,,,,,,,,,,,,,,,,,,,,,,,,,,,,,,,,,,,,,,,,,,,,,,,,,,,,,,,975,1017.5,1085,1037.5,995,975,985,962.5,1095,997.5,995,1025,1100,1050,952.5,950,950,995,995,1000,1100,1050,995,1095,1200,1000,950,1075,995,1050,1086
"Kyle Canyon","Las Vegas","NV","Las Vegas","Clark",141,,,,,,,,,,,,,,,,,,1250,1195,1237.5,1195,1100,1200,1250,1250,1250,1200,1200,1200,1225,1195,1185,1237.5,1297.5,1250,1200,1200,1200,1200,1200,1200,1245,1200,1200,1195,1200,1185,1200,1246,1250,1250,1250,1225,1295,1297.5,1242.5,1245,1250,1247.5,1250,1250,1300,1350,1295,1250,1250,1295,1295,1250,1300,1297.5,1300,1324,1300,1250,1310,1325,1350,1300,1295,1262.5,1350,1300,1395,1350,1350
"Cambridgeport","Cambridge","MA","Boston","Middlesex",142,,,,,,,,,,,,,,,,,,,,,,,,,,,,,2891,3125,3125,3084.5,2986,2900.5,2905,2900,2906,2930,2975,3065,3000,3110,3092.5,3110,3075,3075,3092.5,3132.5,3132.5,3186.5,3167.5,3092.5,3075,3075,3040,3075,3075,3075,3075,3092.5,3092.5,3105,3186.5,3155,3132.5,3186.5,3075,3092.5,3075,3075,3075,3005,3005,3075,3132.5,3167.5,3132.5,3300,3092.5,3167.5,3110,3132.5,3092.5,3155,3167.5,3193
"Old Town","Chicago","IL","Chicago","Cook",143,,,,,,,,,,,,,,,,,,,,,,,,,,,,,,,,,,,,,,,,,,,,,,,,,,,,,,,,,,,,,,,,,,1811,1805.5,1805.5,1811,1805.5,1863,1915,1955,2147.5,1811,1811,1781,1790.5,1805.5,1800,1811,1800,1781,1805.5,1863,1805.5
"North Hills","El Paso","TX","El Paso","El Paso",144,,,,,,,,,,,,,,,,,,,,,,,,,,,,,,,,,1362.5,1337.5,1300,1300,1297.5,1295,1300,1325,1325,1337.5,1300,1267.5,1300,1300,1300,1300,1300,1300,1300,1350,1350,1300,1282,1295,1295,1300,1295,1245,1262.5,1312.5,1300,1297.5,1295,1295,1350,1297.5,1295,1300,1250,1275,1300,1300,1295,1262.5,1275,1299.5,1200,1249,1262.5,1225,1250,1200,1250,1250
"Hunters Point","New York","NY","New York","Queens",145,,,,,,,,,,,,,,,,,,,,,,,,,,,,,,,,,,,,,2700,2980,2980,2893,2890,2800,2815,2817.5,2815,2802.5,2805,2823,2824,2825,2825,2815,2815,2805,2823.5,2820,2821.5,2825,2825,2815,2794,2815,2815,2823,2823,2820,2815,2810,2815,2810,2817.5,2817.5,2821.5,2817.5,2821.5,2825,2821.5,2817.5,2823.5,2825,2815,2815,2815,2817.5,2821.5,2823
"Wells Branch","Austin","TX","Austin","Travis",146,,,,,,,,,,,,,,,,,,,,,,,,,,,,,,,,,,,,837,925,956,925,933,950,1000,953,931,896,940.5,928,931,956,997.5,1007.5,956,953,967.5,967.5,950,940.5,896,925,928,925,928,940.5,987,979,979,967.5,979,950,931,925,979,997.5,987,950,931,950,967.5,950,956,956,931,940.5,940.5,931,956
"The Loop","Chicago","IL","Chicago","Cook",147,,,,,,,,,,,,,1720,1710,1720,1778,1750,1830.5,1867,1869,1900,1920,1927,1887.5,1871,1885,1888.5,1900,1918,1950,1989.5,2017,1962,2034,1930,1930,1947.5,1880,1923,1980,2095,1880,1666.5,1750.5,1770,1760,1750.5,1750.5,1731,1700,1715.5,1731,1750.5,1880,1889,1750.5,1750.5,1731,1750.5,1838,1834,1834,1922.5,1893,1731,1731,1750.5,1731,1731,1750.5,1750.5,1838,1824,1770,1770,1750.5,1731,1750.5,1953.5,1760,1804,1690.5,1740,1731,1666.5,1731
"East Cambridge","Cambridge","MA","Boston","Middlesex",148,,,,,,,,,,,,,,,,2734,2733.5,2776,2752,2800,2812.5,2968,2968,2980,2927,2990,3025,3068.5,2860,2900,2938,3150,3150,3097,3050,3049,3055.5,3108.5,3082,3060,3096,3135,3124.5,3109.5,3100,3109.5,3102,3124.5,3117,3132,3124.5,3124.5,3135,3132,3135,3158,3158,3135,3135,3132,3166,3188,3166,3189,3189,3190,3176,3124.5,3124.5,3132,3124.5,3132,3102,3132,3124.5,3135,3176,3171,3135,3150.5,3187,3166,3176,3166,3166,3181.5
"Georgian Acres","Austin","TX","Austin","Travis",149,,,,,,,,,,,,,,,,,,,,,,,,,,,,,,,,,,,,,620,640,709,741,669,687,669,657,645,657,657,669,678,678,678,657,687,678,669,687,687,720.5,698,698,678,657,657,669,678,678,669,669,669,657,669,669,669,678,678,657,687,669,669,698,657,657,657,678,678,669
"Canton","Baltimore","MD","Baltimore","Baltimore City",150,,,,,,,,,,,,,,,,,,,,,,,,,,,,,,,,,,,,,,,,,,,,2087.5,2187.5,1950,1950,1900,1900,1950,1850,1797.5,1850,1797.5,1850,1990,1850,1800,1850,1900,2087.5,2200,2000,2050,2000,2000,2000,2050,1850,1850,1850,1800,1800,2100,2100,2300,2125,2047.5,2000,1950,1900,2000,2220,2000,2000,2000
"Eagle River","Anchorage","AK","Anchorage","Anchorage",151,,,,,,,,,,,,,,,,,,,,,,,,,,,,,,,,,,,,,,,,,,,,,2140,2022.5,2090,1950,1950,1897.5,1900,2199.5,2070,2095,2195,2100,2100,2100,2000,2050,2025,2095,2092.5,2190,2240,2200,2200,2097.5,2200,2195,2100,2050,1995,1972.5,1950,2195,1950,2100,2050,2070,1800,1900,1990,1925,1975,1992.5
"River North","Chicago","IL","Chicago","Cook",152,,,,,,,,,,,,,2082,2103.5,2150,2222.5,2205,2200,2200,2265,2200,2192,2175,2175,2170.5,2185,2340,2290,2203,2225,2200,2100,2186,2235,2352,2282,2281.5,2325,2395,2375,2351.5,2304.5,2300,2299,2337,2339.5,2342,2342,2342,2309,2342,2354,2309,2300,2337,2339.5,2300,2299,2299.5,2337,2366,2355,2360,2354.5,2342,2342,2342,2342,2342,2342,2342,2342,2342,2304.5,2339.5,2309,2323,2342,2323,2354,2342,2342,2342,2339.5,2339.5,2339.5
"Bouldin","Austin","TX","Austin","Travis",153,,,,,,,,,,,,,,,,,,,,,,,,,,,,,,,,,,,,,,,,,1285,1325,1275,1297.5,1285,1295,1234,1199,1229,1229,1229,1231.5,1189.5,1275,1300,1285,1231.5,1150,1250,1285,1234,1231.5,1295,1300,1300,1300,1350,1350,1300,1300,1300,1295,1275,1285,1297.5,1262.5,1295,1262.5,1250,1295,1250,1295,1262.5,1300,1350,1375
"West End","Boston","MA","Boston","Suffolk",154,,,,,,,,,,,,,,,,,,,,,,,,,,,,,,,3793,3720,3384,3305,3337,3144.5,3138,3075,3253.5,3229,3121,3076,2915,2999,3025,3025,3025,3050.5,3025,3025,3012,2997,2997,2997,2992.5,2992.5,3012,2999,3012,3012,3012,3012,3012,3012,3012,3012,3012,3012,3012,3012,3012,3012,3025,3025,3050.5,3012,3025,3050.5,3050.5,3012,3012,3012,3025,3012,3012,3025
"West Loop Gate","Chicago","IL","Chicago","Cook",155,,,,,,,,,,,,,,,,,,1753.5,1914.5,1731,1710,1733,1752.5,1700,1584,1606,1622,1631.5,1610,1699,1550,1460,1544,1589,1512,1571,1545,1495,1479,1503.5,1537,1556.5,1537,1528.5,1528.5,1532,1537,1532,1537,1537,1542,1528.5,1528.5,1537,1532,1528.5,1528.5,1528.5,1528.5,1528.5,1537,1528.5,1528.5,1528.5,1528.5,1528.5,1528.5,1528.5,1528.5,1528.5,1528.5,1537,1532,1528.5,1528.5,1537,1558,1528.5,1528.5,1542,1528.5,1528.5,1550,1528.5,1542,1528.5
"Zilker","Austin","TX","Austin","Travis",156,,,,,,,,,,,,,,,,,,,,,,,,,,,,,,,,,,,,,1635,1550,1495,1445,1632.5,1655,1595,1595,1600,1800,1680,1632.5,1600,1800,1887.5,1600,1600,1567.5,1595,1700,1595,1567.5,1632.5,1595,1585,1660,1605,1605,1660,1600,1600,1680,1725,1660,1800,1810,1820,1800,1800,1655,1600,1680,1632.5,1800,1585,1590,1600,1600,1660,1825
"New Eastside","Chicago","IL","Chicago","Cook",157,,,,,,,,,,,,,,,,,,,,,,,,,,,,,,,,,,,,,,,,,,,2162,2248.5,2273,2286.5,2273,2286.5,2286.5,2286.5,2286.5,2248.5,2248.5,2224,2224,2224,2248.5,2248.5,2248.5,2248.5,2224,2224,2224,2248.5,2273,2273,2248.5,2248.5,2248.5,2248.5,2248.5,1969.5,2273,2248.5,2248.5,2248.5,2248.5,2248.5,2248.5,2248.5,2248.5,2248.5,2248.5,2248.5,2248.5,2224
"Sonterra-Stone Oak","San Antonio","TX","San Antonio","Bexar",158,,,,,,,,,,,,,,,,,,,,,,,,,,,,,,,,,,,,,,,,,,,,1237,1262.5,1250,1250,1250,1250,1262.5,1285,1275,1295,1250,1250,1243.5,1295,1262.5,1250,1285,1285,1243.5,1250,1262.5,1285,1275,1301,1301,1295,1301,1309,1295,1295,1275,1250,1237,1237,1243.5,1262.5,1237,1237,1237,1237,1262.5,1301,1309
"Fulton River District","Chicago","IL","Chicago","Cook",159,,,,,,,,,,,,,,,,,1770,1763,1756,1751,1775.5,1776,1844,1851,1865,1850,2061,1993.5,1966,1955,1880,1800,1939,1960,1935,1923,1959,1900,1919,1939.5,1945,1945,1854,1867,1880,1880,1854,1867,1880,1897.5,1940,1927.5,1880,1950,1940,1897.5,1897.5,1940,1942.5,1930,1900,1867,1947.5,2030,1927.5,1897.5,1854,1867,1880,1867,1867,1867,1880,1854,1854,1854,1880,1880,1880,1889.5,1854,1854,1854,1880,1880,1854
"Thousand Oaks","San Antonio","TX","San Antonio","Bexar",160,,,,,,,,,,,,,,,,,,,,,,,,,,,,,,,,,,,,,,,,825,855,825,825,835.5,825,825,825,825,835.5,848,850,850,846,835.5,846,835.5,825,825,825,825,825,825,835.5,825,825,825,825,825,825,825,825,825,825,825,825,825,825,825,825,825,825,825,825,825,835.5,825
"Friedrich Wilderness Park","San Antonio","TX","San Antonio","Bexar",161,,,,,,,,,,,,,,,,,,,,,,,,,,,,,,,,,,,,1540,1530,1450,1495,1375,1559,1385,1625,1576.5,1559,1568,1535,1540,1585,1605,1628,1540,1568,1605,1595,1616.5,1585,1576.5,1576.5,1595,1585,1605,1595,1605,1585,1576.5,1576.5,1554,1585,1576.5,1554,1568,1592.5,1568,1554,1540,1554,1585,1568,1540,1554,1530,1530,1595,1616.5,1600
"Alafaya","Orlando","FL","Orlando","Orange",162,,,,,,,,,,,,1350,1300,1295,1295,1350,1395,1395,1350,1325,1300,1325,1350,1350,1350,1352.5,1350,1350,1350,1395,1350,1395,1350,1300,1350,1350,1372.5,1395,1412.5,1450,1445,1400,1450,1450,1495,1450,1450,1400,1399,1400,1400,1495,1495,1495,1497.5,1450,1450,1450,1450,1450,1492.5,1495,1495,1550,1575,1600,1550,1500,1512.5,1550,1550,1550,1550,1550,1500,1535,1550,1595,1600,1600,1550,1599.5,1595,1575,1600,1600
"Near Eastside","Indianapolis","IN","Indianapolis","Marion",162,,,,,,,,,,,,,,,,,,,,,,,,600,650,650,642.5,650,635,650,650,600,650,650,650,647.5,647.5,650,650,675,685,675,675,675,675,675,650,650,675,675,650,650,650,650,650,650,650,650,650,650,675,675,675,675,675,675,675,675,675,675,650,650,675,675,675,650,695,697.5,695,700,700,650,650,675,695,695
"Near Southeast","Indianapolis","IN","Indianapolis","Marion",162,,,,,,,,,,,,,,,,,,,,,,,,,,,,,,,,,650,675,662.5,675,700,700,700,687.5,675,675,695,675,700,700,700,700,725,725,725,725,700,700,700,700,700,700,700,695,700,700,695,700,700,700,725,700,697,695,695,695,700,725,725,730,700,750,750,725,717.5,700,725,725,720,725
"Far Eastside","Indianapolis","IN","Indianapolis","Marion",162,,,,,,,,,,,,,,,,,,795,800,795,795,800,799,800,799,795,775,775,750,750,750,775,775,795,795,800,825,850,850,875,825,875,899,850,830,850,850,875,860,895,900,950,925,925,950,950,950,925,950,950,972.5,975,950,995,1000,985,950,895,897,895,897,912.5,950,950,975,950,950,950,975,900,900,875,995,950,1000,995
"Alden Bridge","The Woodlands","TX","Houston","Montgomery",162,,,,,,,,,,,,,,,,,,,,,,,,,,,2000,2000,1797.5,1737.5,2000,1950,1750,1800,1650,1800,2072.5,1997.5,2095,1962.5,1962.5,2095,2100,1995,2100,2192.5,2350,2200,2200,2100,2100,2250,2225,2150,2125,2000,2000,1995,2000,2100,2000,2150,2100,2197.5,2195,2200,2100,2100,2100,2125,1997,1994,1993,1935,1975,1975,2000,2025,1925,1925,1972.5,1986,1895,1800,1900,1900
